"","P.A.","P..A.","P.B.","P..B.","P.A.B.","P.A..B.","P..A.B.","P..B..A.","P.A.B..1","P.A..B..1","P..A.B..1","P..B..A..1"
"1",0,1,0,1,0,0,0,1,0,1,1,1
"2",0.1,0.9,0,1,0,0.1,0,0.9,0.1,1,0.9,1
"3",0.2,0.8,0,1,0,0.2,0,0.8,0.2,1,0.8,1
"4",0.3,0.7,0,1,0,0.3,0,0.7,0.3,1,0.7,1
"5",0.4,0.6,0,1,0,0.4,0,0.6,0.4,1,0.6,1
"6",0.5,0.5,0,1,0,0.5,0,0.5,0.5,1,0.5,1
"7",0.6,0.4,0,1,0,0.6,0,0.4,0.6,1,0.4,1
"8",0.7,0.3,0,1,0,0.7,0,0.3,0.7,1,0.3,1
"9",0.8,0.2,0,1,0,0.8,0,0.2,0.8,1,0.2,1
"10",0.9,0.1,0,1,0,0.9,0,0.1,0.9,1,0.1,1
"11",1,0,0,1,0,1,0,0,1,1,0,1
"12",0,1,0,1,0,0,0,1,0,1,1,1
"13",0.1,0.9,0,1,0,0.1,0,0.9,0.1,1,0.9,1
"14",0.2,0.8,0,1,0,0.2,0,0.8,0.2,1,0.8,1
"15",0.3,0.7,0,1,0,0.3,0,0.7,0.3,1,0.7,1
"16",0.4,0.6,0,1,0,0.4,0,0.6,0.4,1,0.6,1
"17",0.5,0.5,0,1,0,0.5,0,0.5,0.5,1,0.5,1
"18",0.6,0.4,0,1,0,0.6,0,0.4,0.6,1,0.4,1
"19",0.7,0.3,0,1,0,0.7,0,0.3,0.7,1,0.3,1
"20",0.8,0.2,0,1,0,0.8,0,0.2,0.8,1,0.2,1
"21",0.9,0.1,0,1,0,0.9,0,0.1,0.9,1,0.1,1
"22",1,0,0,1,0,1,0,0,1,1,0,1
"23",0,1,0,1,0,0,0,1,0,1,1,1
"24",0.1,0.9,0,1,0,0.1,0,0.9,0.1,1,0.9,1
"25",0.2,0.8,0,1,0,0.2,0,0.8,0.2,1,0.8,1
"26",0.3,0.7,0,1,0,0.3,0,0.7,0.3,1,0.7,1
"27",0.4,0.6,0,1,0,0.4,0,0.6,0.4,1,0.6,1
"28",0.5,0.5,0,1,0,0.5,0,0.5,0.5,1,0.5,1
"29",0.6,0.4,0,1,0,0.6,0,0.4,0.6,1,0.4,1
"30",0.7,0.3,0,1,0,0.7,0,0.3,0.7,1,0.3,1
"31",0.8,0.2,0,1,0,0.8,0,0.2,0.8,1,0.2,1
"32",0.9,0.1,0,1,0,0.9,0,0.1,0.9,1,0.1,1
"33",1,0,0,1,0,1,0,0,1,1,0,1
"34",0,1,0,1,0,0,0,1,0,1,1,1
"35",0.1,0.9,0,1,0,0.1,0,0.9,0.1,1,0.9,1
"36",0.2,0.8,0,1,0,0.2,0,0.8,0.2,1,0.8,1
"37",0.3,0.7,0,1,0,0.3,0,0.7,0.3,1,0.7,1
"38",0.4,0.6,0,1,0,0.4,0,0.6,0.4,1,0.6,1
"39",0.5,0.5,0,1,0,0.5,0,0.5,0.5,1,0.5,1
"40",0.6,0.4,0,1,0,0.6,0,0.4,0.6,1,0.4,1
"41",0.7,0.3,0,1,0,0.7,0,0.3,0.7,1,0.3,1
"42",0.8,0.2,0,1,0,0.8,0,0.2,0.8,1,0.2,1
"43",0.9,0.1,0,1,0,0.9,0,0.1,0.9,1,0.1,1
"44",1,0,0,1,0,1,0,0,1,1,0,1
"45",0,1,0,1,0,0,0,1,0,1,1,1
"46",0.1,0.9,0,1,0,0.1,0,0.9,0.1,1,0.9,1
"47",0.2,0.8,0,1,0,0.2,0,0.8,0.2,1,0.8,1
"48",0.3,0.7,0,1,0,0.3,0,0.7,0.3,1,0.7,1
"49",0.4,0.6,0,1,0,0.4,0,0.6,0.4,1,0.6,1
"50",0.5,0.5,0,1,0,0.5,0,0.5,0.5,1,0.5,1
"51",0.6,0.4,0,1,0,0.6,0,0.4,0.6,1,0.4,1
"52",0.7,0.3,0,1,0,0.7,0,0.3,0.7,1,0.3,1
"53",0.8,0.2,0,1,0,0.8,0,0.2,0.8,1,0.2,1
"54",0.9,0.1,0,1,0,0.9,0,0.1,0.9,1,0.1,1
"55",1,0,0,1,0,1,0,0,1,1,0,1
"56",0,1,0,1,0,0,0,1,0,1,1,1
"57",0.1,0.9,0,1,0,0.1,0,0.9,0.1,1,0.9,1
"58",0.2,0.8,0,1,0,0.2,0,0.8,0.2,1,0.8,1
"59",0.3,0.7,0,1,0,0.3,0,0.7,0.3,1,0.7,1
"60",0.4,0.6,0,1,0,0.4,0,0.6,0.4,1,0.6,1
"61",0.5,0.5,0,1,0,0.5,0,0.5,0.5,1,0.5,1
"62",0.6,0.4,0,1,0,0.6,0,0.4,0.6,1,0.4,1
"63",0.7,0.3,0,1,0,0.7,0,0.3,0.7,1,0.3,1
"64",0.8,0.2,0,1,0,0.8,0,0.2,0.8,1,0.2,1
"65",0.9,0.1,0,1,0,0.9,0,0.1,0.9,1,0.1,1
"66",1,0,0,1,0,1,0,0,1,1,0,1
"67",0,1,0,1,0,0,0,1,0,1,1,1
"68",0.1,0.9,0,1,0,0.1,0,0.9,0.1,1,0.9,1
"69",0.2,0.8,0,1,0,0.2,0,0.8,0.2,1,0.8,1
"70",0.3,0.7,0,1,0,0.3,0,0.7,0.3,1,0.7,1
"71",0.4,0.6,0,1,0,0.4,0,0.6,0.4,1,0.6,1
"72",0.5,0.5,0,1,0,0.5,0,0.5,0.5,1,0.5,1
"73",0.6,0.4,0,1,0,0.6,0,0.4,0.6,1,0.4,1
"74",0.7,0.3,0,1,0,0.7,0,0.3,0.7,1,0.3,1
"75",0.8,0.2,0,1,0,0.8,0,0.2,0.8,1,0.2,1
"76",0.9,0.1,0,1,0,0.9,0,0.1,0.9,1,0.1,1
"77",1,0,0,1,0,1,0,0,1,1,0,1
"78",0,1,0,1,0,0,0,1,0,1,1,1
"79",0.1,0.9,0,1,0,0.1,0,0.9,0.1,1,0.9,1
"80",0.2,0.8,0,1,0,0.2,0,0.8,0.2,1,0.8,1
"81",0.3,0.7,0,1,0,0.3,0,0.7,0.3,1,0.7,1
"82",0.4,0.6,0,1,0,0.4,0,0.6,0.4,1,0.6,1
"83",0.5,0.5,0,1,0,0.5,0,0.5,0.5,1,0.5,1
"84",0.6,0.4,0,1,0,0.6,0,0.4,0.6,1,0.4,1
"85",0.7,0.3,0,1,0,0.7,0,0.3,0.7,1,0.3,1
"86",0.8,0.2,0,1,0,0.8,0,0.2,0.8,1,0.2,1
"87",0.9,0.1,0,1,0,0.9,0,0.1,0.9,1,0.1,1
"88",1,0,0,1,0,1,0,0,1,1,0,1
"89",0,1,0,1,0,0,0,1,0,1,1,1
"90",0.1,0.9,0,1,0,0.1,0,0.9,0.1,1,0.9,1
"91",0.2,0.8,0,1,0,0.2,0,0.8,0.2,1,0.8,1
"92",0.3,0.7,0,1,0,0.3,0,0.7,0.3,1,0.7,1
"93",0.4,0.6,0,1,0,0.4,0,0.6,0.4,1,0.6,1
"94",0.5,0.5,0,1,0,0.5,0,0.5,0.5,1,0.5,1
"95",0.6,0.4,0,1,0,0.6,0,0.4,0.6,1,0.4,1
"96",0.7,0.3,0,1,0,0.7,0,0.3,0.7,1,0.3,1
"97",0.8,0.2,0,1,0,0.8,0,0.2,0.8,1,0.2,1
"98",0.9,0.1,0,1,0,0.9,0,0.1,0.9,1,0.1,1
"99",1,0,0,1,0,1,0,0,1,1,0,1
"100",0,1,0,1,0,0,0,1,0,1,1,1
"101",0.1,0.9,0,1,0,0.1,0,0.9,0.1,1,0.9,1
"102",0.2,0.8,0,1,0,0.2,0,0.8,0.2,1,0.8,1
"103",0.3,0.7,0,1,0,0.3,0,0.7,0.3,1,0.7,1
"104",0.4,0.6,0,1,0,0.4,0,0.6,0.4,1,0.6,1
"105",0.5,0.5,0,1,0,0.5,0,0.5,0.5,1,0.5,1
"106",0.6,0.4,0,1,0,0.6,0,0.4,0.6,1,0.4,1
"107",0.7,0.3,0,1,0,0.7,0,0.3,0.7,1,0.3,1
"108",0.8,0.2,0,1,0,0.8,0,0.2,0.8,1,0.2,1
"109",0.9,0.1,0,1,0,0.9,0,0.1,0.9,1,0.1,1
"110",1,0,0,1,0,1,0,0,1,1,0,1
"111",0,1,0,1,0,0,0,1,0,1,1,1
"112",0.1,0.9,0,1,0,0.1,0,0.9,0.1,1,0.9,1
"113",0.2,0.8,0,1,0,0.2,0,0.8,0.2,1,0.8,1
"114",0.3,0.7,0,1,0,0.3,0,0.7,0.3,1,0.7,1
"115",0.4,0.6,0,1,0,0.4,0,0.6,0.4,1,0.6,1
"116",0.5,0.5,0,1,0,0.5,0,0.5,0.5,1,0.5,1
"117",0.6,0.4,0,1,0,0.6,0,0.4,0.6,1,0.4,1
"118",0.7,0.3,0,1,0,0.7,0,0.3,0.7,1,0.3,1
"119",0.8,0.2,0,1,0,0.8,0,0.2,0.8,1,0.2,1
"120",0.9,0.1,0,1,0,0.9,0,0.1,0.9,1,0.1,1
"121",1,0,0,1,0,1,0,0,1,1,0,1
"122",0,1,0.1,0.9,0,0,0.1,0.9,0.1,0.9,1,1
"123",0.09,0.91,0.1,0.9,0,0.09,0.1,0.81,0.19,0.9,0.91,1
"124",0.18,0.82,0.1,0.9,0,0.18,0.1,0.72,0.28,0.9,0.82,1
"125",0.27,0.73,0.1,0.9,0,0.27,0.1,0.63,0.37,0.9,0.73,1
"126",0.36,0.64,0.1,0.9,0,0.36,0.1,0.54,0.46,0.9,0.64,1
"127",0.45,0.55,0.1,0.9,0,0.45,0.1,0.45,0.55,0.9,0.55,1
"128",0.54,0.46,0.1,0.9,0,0.54,0.1,0.36,0.64,0.9,0.46,1
"129",0.63,0.37,0.1,0.9,0,0.63,0.1,0.27,0.73,0.9,0.37,1
"130",0.72,0.28,0.1,0.9,0,0.72,0.1,0.18,0.82,0.9,0.28,1
"131",0.81,0.19,0.1,0.9,0,0.81,0.1,0.09,0.91,0.9,0.19,1
"132",0.9,0.1,0.1,0.9,0,0.9,0.1,0,1,0.9,0.1,1
"133",0.01,0.99,0.1,0.9,0.01,0,0.09,0.9,0.1,0.91,1,0.99
"134",0.1,0.9,0.1,0.9,0.01,0.09,0.09,0.81,0.19,0.91,0.91,0.99
"135",0.19,0.81,0.1,0.9,0.01,0.18,0.09,0.72,0.28,0.91,0.82,0.99
"136",0.28,0.72,0.1,0.9,0.01,0.27,0.09,0.63,0.37,0.91,0.73,0.99
"137",0.37,0.63,0.1,0.9,0.01,0.36,0.09,0.54,0.46,0.91,0.64,0.99
"138",0.46,0.54,0.1,0.9,0.01,0.45,0.09,0.45,0.55,0.91,0.55,0.99
"139",0.55,0.45,0.1,0.9,0.01,0.54,0.09,0.36,0.64,0.91,0.46,0.99
"140",0.64,0.36,0.1,0.9,0.01,0.63,0.09,0.27,0.73,0.91,0.37,0.99
"141",0.73,0.27,0.1,0.9,0.01,0.72,0.09,0.18,0.82,0.91,0.28,0.99
"142",0.82,0.18,0.1,0.9,0.01,0.81,0.09,0.09,0.91,0.91,0.19,0.99
"143",0.91,0.09,0.1,0.9,0.01,0.9,0.09,0,1,0.91,0.1,0.99
"144",0.02,0.98,0.1,0.9,0.02,0,0.08,0.9,0.1,0.92,1,0.98
"145",0.11,0.89,0.1,0.9,0.02,0.09,0.08,0.81,0.19,0.92,0.91,0.98
"146",0.2,0.8,0.1,0.9,0.02,0.18,0.08,0.72,0.28,0.92,0.82,0.98
"147",0.29,0.71,0.1,0.9,0.02,0.27,0.08,0.63,0.37,0.92,0.73,0.98
"148",0.38,0.62,0.1,0.9,0.02,0.36,0.08,0.54,0.46,0.92,0.64,0.98
"149",0.47,0.53,0.1,0.9,0.02,0.45,0.08,0.45,0.55,0.92,0.55,0.98
"150",0.56,0.44,0.1,0.9,0.02,0.54,0.08,0.36,0.64,0.92,0.46,0.98
"151",0.65,0.35,0.1,0.9,0.02,0.63,0.08,0.27,0.73,0.92,0.37,0.98
"152",0.74,0.26,0.1,0.9,0.02,0.72,0.08,0.18,0.82,0.92,0.28,0.98
"153",0.83,0.17,0.1,0.9,0.02,0.81,0.08,0.09,0.91,0.92,0.19,0.98
"154",0.92,0.08,0.1,0.9,0.02,0.9,0.08,0,1,0.92,0.1,0.98
"155",0.03,0.97,0.1,0.9,0.03,0,0.07,0.9,0.1,0.93,1,0.97
"156",0.12,0.88,0.1,0.9,0.03,0.09,0.07,0.81,0.19,0.93,0.91,0.97
"157",0.21,0.79,0.1,0.9,0.03,0.18,0.07,0.72,0.28,0.93,0.82,0.97
"158",0.3,0.7,0.1,0.9,0.03,0.27,0.07,0.63,0.37,0.93,0.73,0.97
"159",0.39,0.61,0.1,0.9,0.03,0.36,0.07,0.54,0.46,0.93,0.64,0.97
"160",0.48,0.52,0.1,0.9,0.03,0.45,0.07,0.45,0.55,0.93,0.55,0.97
"161",0.57,0.43,0.1,0.9,0.03,0.54,0.07,0.36,0.64,0.93,0.46,0.97
"162",0.66,0.34,0.1,0.9,0.03,0.63,0.07,0.27,0.73,0.93,0.37,0.97
"163",0.75,0.25,0.1,0.9,0.03,0.72,0.07,0.18,0.82,0.93,0.28,0.97
"164",0.84,0.16,0.1,0.9,0.03,0.81,0.07,0.09,0.91,0.93,0.19,0.97
"165",0.93,0.07,0.1,0.9,0.03,0.9,0.07,0,1,0.93,0.1,0.97
"166",0.04,0.96,0.1,0.9,0.04,0,0.06,0.9,0.1,0.94,1,0.96
"167",0.13,0.87,0.1,0.9,0.04,0.09,0.06,0.81,0.19,0.94,0.91,0.96
"168",0.22,0.78,0.1,0.9,0.04,0.18,0.06,0.72,0.28,0.94,0.82,0.96
"169",0.31,0.69,0.1,0.9,0.04,0.27,0.06,0.63,0.37,0.94,0.73,0.96
"170",0.4,0.6,0.1,0.9,0.04,0.36,0.06,0.54,0.46,0.94,0.64,0.96
"171",0.49,0.51,0.1,0.9,0.04,0.45,0.06,0.45,0.55,0.94,0.55,0.96
"172",0.58,0.42,0.1,0.9,0.04,0.54,0.06,0.36,0.64,0.94,0.46,0.96
"173",0.67,0.33,0.1,0.9,0.04,0.63,0.06,0.27,0.73,0.94,0.37,0.96
"174",0.76,0.24,0.1,0.9,0.04,0.72,0.06,0.18,0.82,0.94,0.28,0.96
"175",0.85,0.15,0.1,0.9,0.04,0.81,0.06,0.09,0.91,0.94,0.19,0.96
"176",0.94,0.0599999999999999,0.1,0.9,0.04,0.9,0.06,0,1,0.94,0.1,0.96
"177",0.05,0.95,0.1,0.9,0.05,0,0.05,0.9,0.1,0.95,1,0.95
"178",0.14,0.86,0.1,0.9,0.05,0.09,0.05,0.81,0.19,0.95,0.91,0.95
"179",0.23,0.77,0.1,0.9,0.05,0.18,0.05,0.72,0.28,0.95,0.82,0.95
"180",0.32,0.68,0.1,0.9,0.05,0.27,0.05,0.63,0.37,0.95,0.73,0.95
"181",0.41,0.59,0.1,0.9,0.05,0.36,0.05,0.54,0.46,0.95,0.64,0.95
"182",0.5,0.5,0.1,0.9,0.05,0.45,0.05,0.45,0.55,0.95,0.55,0.95
"183",0.59,0.41,0.1,0.9,0.05,0.54,0.05,0.36,0.64,0.95,0.46,0.95
"184",0.68,0.32,0.1,0.9,0.05,0.63,0.05,0.27,0.73,0.95,0.37,0.95
"185",0.77,0.23,0.1,0.9,0.05,0.72,0.05,0.18,0.82,0.95,0.28,0.95
"186",0.86,0.14,0.1,0.9,0.05,0.81,0.05,0.09,0.91,0.95,0.19,0.95
"187",0.95,0.0499999999999999,0.1,0.9,0.05,0.9,0.05,0,1,0.95,0.0999999999999999,0.95
"188",0.06,0.94,0.1,0.9,0.06,0,0.04,0.9,0.1,0.96,1,0.94
"189",0.15,0.85,0.1,0.9,0.06,0.09,0.04,0.81,0.19,0.96,0.91,0.94
"190",0.24,0.76,0.1,0.9,0.06,0.18,0.04,0.72,0.28,0.96,0.82,0.94
"191",0.33,0.67,0.1,0.9,0.06,0.27,0.04,0.63,0.37,0.96,0.73,0.94
"192",0.42,0.58,0.1,0.9,0.06,0.36,0.04,0.54,0.46,0.96,0.64,0.94
"193",0.51,0.49,0.1,0.9,0.06,0.45,0.04,0.45,0.55,0.96,0.55,0.94
"194",0.6,0.4,0.1,0.9,0.06,0.54,0.04,0.36,0.64,0.96,0.46,0.94
"195",0.69,0.31,0.1,0.9,0.06,0.63,0.04,0.27,0.73,0.96,0.37,0.94
"196",0.78,0.22,0.1,0.9,0.06,0.72,0.04,0.18,0.82,0.96,0.28,0.94
"197",0.87,0.13,0.1,0.9,0.06,0.81,0.04,0.09,0.91,0.96,0.19,0.94
"198",0.96,0.0399999999999999,0.1,0.9,0.06,0.9,0.04,0,1,0.96,0.1,0.94
"199",0.07,0.93,0.1,0.9,0.07,0,0.03,0.9,0.1,0.97,1,0.93
"200",0.16,0.84,0.1,0.9,0.07,0.09,0.03,0.81,0.19,0.97,0.91,0.93
"201",0.25,0.75,0.1,0.9,0.07,0.18,0.03,0.72,0.28,0.97,0.82,0.93
"202",0.34,0.66,0.1,0.9,0.07,0.27,0.03,0.63,0.37,0.97,0.73,0.93
"203",0.43,0.57,0.1,0.9,0.07,0.36,0.03,0.54,0.46,0.97,0.64,0.93
"204",0.52,0.48,0.1,0.9,0.07,0.45,0.03,0.45,0.55,0.97,0.55,0.93
"205",0.61,0.39,0.1,0.9,0.07,0.54,0.03,0.36,0.64,0.97,0.46,0.93
"206",0.7,0.3,0.1,0.9,0.07,0.63,0.03,0.27,0.73,0.97,0.37,0.93
"207",0.79,0.21,0.1,0.9,0.07,0.72,0.03,0.18,0.82,0.97,0.28,0.93
"208",0.88,0.12,0.1,0.9,0.07,0.81,0.03,0.09,0.91,0.97,0.19,0.93
"209",0.97,0.03,0.1,0.9,0.07,0.9,0.03,0,1,0.97,0.1,0.93
"210",0.08,0.92,0.1,0.9,0.08,0,0.02,0.9,0.1,0.98,1,0.92
"211",0.17,0.83,0.1,0.9,0.08,0.09,0.02,0.81,0.19,0.98,0.91,0.92
"212",0.26,0.74,0.1,0.9,0.08,0.18,0.02,0.72,0.28,0.98,0.82,0.92
"213",0.35,0.65,0.1,0.9,0.08,0.27,0.02,0.63,0.37,0.98,0.73,0.92
"214",0.44,0.56,0.1,0.9,0.08,0.36,0.02,0.54,0.46,0.98,0.64,0.92
"215",0.53,0.47,0.1,0.9,0.08,0.45,0.02,0.45,0.55,0.98,0.55,0.92
"216",0.62,0.38,0.1,0.9,0.08,0.54,0.02,0.36,0.64,0.98,0.46,0.92
"217",0.71,0.29,0.1,0.9,0.08,0.63,0.02,0.27,0.73,0.98,0.37,0.92
"218",0.8,0.2,0.1,0.9,0.08,0.72,0.02,0.18,0.82,0.98,0.28,0.92
"219",0.89,0.11,0.1,0.9,0.08,0.81,0.02,0.09,0.91,0.98,0.19,0.92
"220",0.98,0.02,0.1,0.9,0.08,0.9,0.02,0,1,0.98,0.1,0.92
"221",0.09,0.91,0.1,0.9,0.09,0,0.01,0.9,0.1,0.99,1,0.91
"222",0.18,0.82,0.1,0.9,0.09,0.09,0.01,0.81,0.19,0.99,0.91,0.91
"223",0.27,0.73,0.1,0.9,0.09,0.18,0.01,0.72,0.28,0.99,0.82,0.91
"224",0.36,0.64,0.1,0.9,0.09,0.27,0.01,0.63,0.37,0.99,0.73,0.91
"225",0.45,0.55,0.1,0.9,0.09,0.36,0.01,0.54,0.46,0.99,0.64,0.91
"226",0.54,0.46,0.1,0.9,0.09,0.45,0.01,0.45,0.55,0.99,0.55,0.91
"227",0.63,0.37,0.1,0.9,0.09,0.54,0.01,0.36,0.64,0.99,0.46,0.91
"228",0.72,0.28,0.1,0.9,0.09,0.63,0.01,0.27,0.73,0.99,0.37,0.91
"229",0.81,0.19,0.1,0.9,0.09,0.72,0.01,0.18,0.82,0.99,0.28,0.91
"230",0.9,0.1,0.1,0.9,0.09,0.81,0.01,0.09,0.91,0.99,0.19,0.91
"231",0.99,0.01,0.1,0.9,0.09,0.9,0.01,0,1,0.99,0.1,0.91
"232",0.1,0.9,0.1,0.9,0.1,0,0,0.9,0.1,1,1,0.9
"233",0.19,0.81,0.1,0.9,0.1,0.09,1.38777878078145e-17,0.81,0.19,1,0.91,0.9
"234",0.28,0.72,0.1,0.9,0.1,0.18,0,0.72,0.28,1,0.82,0.9
"235",0.37,0.63,0.1,0.9,0.1,0.27,-1.38777878078145e-17,0.63,0.37,1,0.73,0.9
"236",0.46,0.54,0.1,0.9,0.1,0.36,0,0.54,0.46,1,0.64,0.9
"237",0.55,0.45,0.1,0.9,0.1,0.45,0,0.45,0.55,1,0.55,0.9
"238",0.64,0.36,0.1,0.9,0.1,0.54,0,0.36,0.64,1,0.46,0.9
"239",0.73,0.27,0.1,0.9,0.1,0.63,0,0.27,0.73,1,0.37,0.9
"240",0.82,0.18,0.1,0.9,0.1,0.72,0,0.18,0.82,1,0.28,0.9
"241",0.91,0.09,0.1,0.9,0.1,0.81,0,0.09,0.91,1,0.19,0.9
"242",1,0,0.1,0.9,0.1,0.9,0,0,1,1,0.1,0.9
"243",0,1,0.2,0.8,0,0,0.2,0.8,0.2,0.8,1,1
"244",0.08,0.92,0.2,0.8,0,0.08,0.2,0.72,0.28,0.8,0.92,1
"245",0.16,0.84,0.2,0.8,0,0.16,0.2,0.64,0.36,0.8,0.84,1
"246",0.24,0.76,0.2,0.8,0,0.24,0.2,0.56,0.44,0.8,0.76,1
"247",0.32,0.68,0.2,0.8,0,0.32,0.2,0.48,0.52,0.8,0.68,1
"248",0.4,0.6,0.2,0.8,0,0.4,0.2,0.4,0.6,0.8,0.6,1
"249",0.48,0.52,0.2,0.8,0,0.48,0.2,0.32,0.68,0.8,0.52,1
"250",0.56,0.44,0.2,0.8,0,0.56,0.2,0.24,0.76,0.8,0.44,1
"251",0.64,0.36,0.2,0.8,0,0.64,0.2,0.16,0.84,0.8,0.36,1
"252",0.72,0.28,0.2,0.8,0,0.72,0.2,0.08,0.92,0.8,0.28,1
"253",0.8,0.2,0.2,0.8,0,0.8,0.2,0,1,0.8,0.2,1
"254",0.02,0.98,0.2,0.8,0.02,0,0.18,0.8,0.2,0.82,1,0.98
"255",0.1,0.9,0.2,0.8,0.02,0.08,0.18,0.72,0.28,0.82,0.92,0.98
"256",0.18,0.82,0.2,0.8,0.02,0.16,0.18,0.64,0.36,0.82,0.84,0.98
"257",0.26,0.74,0.2,0.8,0.02,0.24,0.18,0.56,0.44,0.82,0.76,0.98
"258",0.34,0.66,0.2,0.8,0.02,0.32,0.18,0.48,0.52,0.82,0.68,0.98
"259",0.42,0.58,0.2,0.8,0.02,0.4,0.18,0.4,0.6,0.82,0.6,0.98
"260",0.5,0.5,0.2,0.8,0.02,0.48,0.18,0.32,0.68,0.82,0.52,0.98
"261",0.58,0.42,0.2,0.8,0.02,0.56,0.18,0.24,0.76,0.82,0.44,0.98
"262",0.66,0.34,0.2,0.8,0.02,0.64,0.18,0.16,0.84,0.82,0.36,0.98
"263",0.74,0.26,0.2,0.8,0.02,0.72,0.18,0.08,0.92,0.82,0.28,0.98
"264",0.82,0.18,0.2,0.8,0.02,0.8,0.18,0,1,0.82,0.2,0.98
"265",0.04,0.96,0.2,0.8,0.04,0,0.16,0.8,0.2,0.84,1,0.96
"266",0.12,0.88,0.2,0.8,0.04,0.08,0.16,0.72,0.28,0.84,0.92,0.96
"267",0.2,0.8,0.2,0.8,0.04,0.16,0.16,0.64,0.36,0.84,0.84,0.96
"268",0.28,0.72,0.2,0.8,0.04,0.24,0.16,0.56,0.44,0.84,0.76,0.96
"269",0.36,0.64,0.2,0.8,0.04,0.32,0.16,0.48,0.52,0.84,0.68,0.96
"270",0.44,0.56,0.2,0.8,0.04,0.4,0.16,0.4,0.6,0.84,0.6,0.96
"271",0.52,0.48,0.2,0.8,0.04,0.48,0.16,0.32,0.68,0.84,0.52,0.96
"272",0.6,0.4,0.2,0.8,0.04,0.56,0.16,0.24,0.76,0.84,0.44,0.96
"273",0.68,0.32,0.2,0.8,0.04,0.64,0.16,0.16,0.84,0.84,0.36,0.96
"274",0.76,0.24,0.2,0.8,0.04,0.72,0.16,0.08,0.92,0.84,0.28,0.96
"275",0.84,0.16,0.2,0.8,0.04,0.8,0.16,0,1,0.84,0.2,0.96
"276",0.06,0.94,0.2,0.8,0.06,0,0.14,0.8,0.2,0.86,1,0.94
"277",0.14,0.86,0.2,0.8,0.06,0.08,0.14,0.72,0.28,0.86,0.92,0.94
"278",0.22,0.78,0.2,0.8,0.06,0.16,0.14,0.64,0.36,0.86,0.84,0.94
"279",0.3,0.7,0.2,0.8,0.06,0.24,0.14,0.56,0.44,0.86,0.76,0.94
"280",0.38,0.62,0.2,0.8,0.06,0.32,0.14,0.48,0.52,0.86,0.68,0.94
"281",0.46,0.54,0.2,0.8,0.06,0.4,0.14,0.4,0.6,0.86,0.6,0.94
"282",0.54,0.46,0.2,0.8,0.06,0.48,0.14,0.32,0.68,0.86,0.52,0.94
"283",0.62,0.38,0.2,0.8,0.06,0.56,0.14,0.24,0.76,0.86,0.44,0.94
"284",0.7,0.3,0.2,0.8,0.06,0.64,0.14,0.16,0.84,0.86,0.36,0.94
"285",0.78,0.22,0.2,0.8,0.06,0.72,0.14,0.08,0.92,0.86,0.28,0.94
"286",0.86,0.14,0.2,0.8,0.06,0.8,0.14,0,1,0.86,0.2,0.94
"287",0.08,0.92,0.2,0.8,0.08,0,0.12,0.8,0.2,0.88,1,0.92
"288",0.16,0.84,0.2,0.8,0.08,0.08,0.12,0.72,0.28,0.88,0.92,0.92
"289",0.24,0.76,0.2,0.8,0.08,0.16,0.12,0.64,0.36,0.88,0.84,0.92
"290",0.32,0.68,0.2,0.8,0.08,0.24,0.12,0.56,0.44,0.88,0.76,0.92
"291",0.4,0.6,0.2,0.8,0.08,0.32,0.12,0.48,0.52,0.88,0.68,0.92
"292",0.48,0.52,0.2,0.8,0.08,0.4,0.12,0.4,0.6,0.88,0.6,0.92
"293",0.56,0.44,0.2,0.8,0.08,0.48,0.12,0.32,0.68,0.88,0.52,0.92
"294",0.64,0.36,0.2,0.8,0.08,0.56,0.12,0.24,0.76,0.88,0.44,0.92
"295",0.72,0.28,0.2,0.8,0.08,0.64,0.12,0.16,0.84,0.88,0.36,0.92
"296",0.8,0.2,0.2,0.8,0.08,0.72,0.12,0.08,0.92,0.88,0.28,0.92
"297",0.88,0.12,0.2,0.8,0.08,0.8,0.12,0,1,0.88,0.2,0.92
"298",0.1,0.9,0.2,0.8,0.1,0,0.1,0.8,0.2,0.9,1,0.9
"299",0.18,0.82,0.2,0.8,0.1,0.08,0.1,0.72,0.28,0.9,0.92,0.9
"300",0.26,0.74,0.2,0.8,0.1,0.16,0.1,0.64,0.36,0.9,0.84,0.9
"301",0.34,0.66,0.2,0.8,0.1,0.24,0.1,0.56,0.44,0.9,0.76,0.9
"302",0.42,0.58,0.2,0.8,0.1,0.32,0.1,0.48,0.52,0.9,0.68,0.9
"303",0.5,0.5,0.2,0.8,0.1,0.4,0.1,0.4,0.6,0.9,0.6,0.9
"304",0.58,0.42,0.2,0.8,0.1,0.48,0.1,0.32,0.68,0.9,0.52,0.9
"305",0.66,0.34,0.2,0.8,0.1,0.56,0.1,0.24,0.76,0.9,0.44,0.9
"306",0.74,0.26,0.2,0.8,0.1,0.64,0.1,0.16,0.84,0.9,0.36,0.9
"307",0.82,0.18,0.2,0.8,0.1,0.72,0.1,0.08,0.92,0.9,0.28,0.9
"308",0.9,0.1,0.2,0.8,0.1,0.8,0.1,0,1,0.9,0.2,0.9
"309",0.12,0.88,0.2,0.8,0.12,0,0.08,0.8,0.2,0.92,1,0.88
"310",0.2,0.8,0.2,0.8,0.12,0.08,0.08,0.72,0.28,0.92,0.92,0.88
"311",0.28,0.72,0.2,0.8,0.12,0.16,0.08,0.64,0.36,0.92,0.84,0.88
"312",0.36,0.64,0.2,0.8,0.12,0.24,0.08,0.56,0.44,0.92,0.76,0.88
"313",0.44,0.56,0.2,0.8,0.12,0.32,0.08,0.48,0.52,0.92,0.68,0.88
"314",0.52,0.48,0.2,0.8,0.12,0.4,0.08,0.4,0.6,0.92,0.6,0.88
"315",0.6,0.4,0.2,0.8,0.12,0.48,0.08,0.32,0.68,0.92,0.52,0.88
"316",0.68,0.32,0.2,0.8,0.12,0.56,0.08,0.24,0.76,0.92,0.44,0.88
"317",0.76,0.24,0.2,0.8,0.12,0.64,0.08,0.16,0.84,0.92,0.36,0.88
"318",0.84,0.16,0.2,0.8,0.12,0.72,0.08,0.08,0.92,0.92,0.28,0.88
"319",0.92,0.08,0.2,0.8,0.12,0.8,0.08,0,1,0.92,0.2,0.88
"320",0.14,0.86,0.2,0.8,0.14,0,0.06,0.8,0.2,0.94,1,0.86
"321",0.22,0.78,0.2,0.8,0.14,0.08,0.06,0.72,0.28,0.94,0.92,0.86
"322",0.3,0.7,0.2,0.8,0.14,0.16,0.06,0.64,0.36,0.94,0.84,0.86
"323",0.38,0.62,0.2,0.8,0.14,0.24,0.06,0.56,0.44,0.94,0.76,0.86
"324",0.46,0.54,0.2,0.8,0.14,0.32,0.06,0.48,0.52,0.94,0.68,0.86
"325",0.54,0.46,0.2,0.8,0.14,0.4,0.06,0.4,0.6,0.94,0.6,0.86
"326",0.62,0.38,0.2,0.8,0.14,0.48,0.06,0.32,0.68,0.94,0.52,0.86
"327",0.7,0.3,0.2,0.8,0.14,0.56,0.06,0.24,0.76,0.94,0.44,0.86
"328",0.78,0.22,0.2,0.8,0.14,0.64,0.06,0.16,0.84,0.94,0.36,0.86
"329",0.86,0.14,0.2,0.8,0.14,0.72,0.06,0.08,0.92,0.94,0.28,0.86
"330",0.94,0.0599999999999999,0.2,0.8,0.14,0.8,0.06,0,1,0.94,0.2,0.86
"331",0.16,0.84,0.2,0.8,0.16,0,0.04,0.8,0.2,0.96,1,0.84
"332",0.24,0.76,0.2,0.8,0.16,0.08,0.04,0.72,0.28,0.96,0.92,0.84
"333",0.32,0.68,0.2,0.8,0.16,0.16,0.04,0.64,0.36,0.96,0.84,0.84
"334",0.4,0.6,0.2,0.8,0.16,0.24,0.04,0.56,0.44,0.96,0.76,0.84
"335",0.48,0.52,0.2,0.8,0.16,0.32,0.04,0.48,0.52,0.96,0.68,0.84
"336",0.56,0.44,0.2,0.8,0.16,0.4,0.04,0.4,0.6,0.96,0.6,0.84
"337",0.64,0.36,0.2,0.8,0.16,0.48,0.04,0.32,0.68,0.96,0.52,0.84
"338",0.72,0.28,0.2,0.8,0.16,0.56,0.04,0.24,0.76,0.96,0.44,0.84
"339",0.8,0.2,0.2,0.8,0.16,0.64,0.04,0.16,0.84,0.96,0.36,0.84
"340",0.88,0.12,0.2,0.8,0.16,0.72,0.04,0.08,0.92,0.96,0.28,0.84
"341",0.96,0.0399999999999999,0.2,0.8,0.16,0.8,0.04,0,1,0.96,0.2,0.84
"342",0.18,0.82,0.2,0.8,0.18,0,0.02,0.8,0.2,0.98,1,0.82
"343",0.26,0.74,0.2,0.8,0.18,0.08,0.02,0.72,0.28,0.98,0.92,0.82
"344",0.34,0.66,0.2,0.8,0.18,0.16,0.02,0.64,0.36,0.98,0.84,0.82
"345",0.42,0.58,0.2,0.8,0.18,0.24,0.02,0.56,0.44,0.98,0.76,0.82
"346",0.5,0.5,0.2,0.8,0.18,0.32,0.02,0.48,0.52,0.98,0.68,0.82
"347",0.58,0.42,0.2,0.8,0.18,0.4,0.02,0.4,0.6,0.98,0.6,0.82
"348",0.66,0.34,0.2,0.8,0.18,0.48,0.02,0.32,0.68,0.98,0.52,0.82
"349",0.74,0.26,0.2,0.8,0.18,0.56,0.02,0.24,0.76,0.98,0.44,0.82
"350",0.82,0.18,0.2,0.8,0.18,0.64,0.02,0.16,0.84,0.98,0.36,0.82
"351",0.9,0.0999999999999999,0.2,0.8,0.18,0.72,0.02,0.08,0.92,0.98,0.28,0.82
"352",0.98,0.0199999999999999,0.2,0.8,0.18,0.8,0.02,0,1,0.98,0.2,0.82
"353",0.2,0.8,0.2,0.8,0.2,0,0,0.8,0.2,1,1,0.8
"354",0.28,0.72,0.2,0.8,0.2,0.08,0,0.72,0.28,1,0.92,0.8
"355",0.36,0.64,0.2,0.8,0.2,0.16,2.77555756156289e-17,0.64,0.36,1,0.84,0.8
"356",0.44,0.56,0.2,0.8,0.2,0.24,0,0.56,0.44,1,0.76,0.8
"357",0.52,0.48,0.2,0.8,0.2,0.32,0,0.48,0.52,1,0.68,0.8
"358",0.6,0.4,0.2,0.8,0.2,0.4,0,0.4,0.6,1,0.6,0.8
"359",0.68,0.32,0.2,0.8,0.2,0.48,0,0.32,0.68,1,0.52,0.8
"360",0.76,0.24,0.2,0.8,0.2,0.56,2.77555756156289e-17,0.24,0.76,1,0.44,0.8
"361",0.84,0.16,0.2,0.8,0.2,0.64,0,0.16,0.84,1,0.36,0.8
"362",0.92,0.0799999999999998,0.2,0.8,0.2,0.72,0,0.08,0.92,1,0.28,0.8
"363",1,0,0.2,0.8,0.2,0.8,0,0,1,1,0.2,0.8
"364",0,1,0.3,0.7,0,0,0.3,0.7,0.3,0.7,1,1
"365",0.07,0.93,0.3,0.7,0,0.07,0.3,0.63,0.37,0.7,0.93,1
"366",0.14,0.86,0.3,0.7,0,0.14,0.3,0.56,0.44,0.7,0.86,1
"367",0.21,0.79,0.3,0.7,0,0.21,0.3,0.49,0.51,0.7,0.79,1
"368",0.28,0.72,0.3,0.7,0,0.28,0.3,0.42,0.58,0.7,0.72,1
"369",0.35,0.65,0.3,0.7,0,0.35,0.3,0.35,0.65,0.7,0.65,1
"370",0.42,0.58,0.3,0.7,0,0.42,0.3,0.28,0.72,0.7,0.58,1
"371",0.49,0.51,0.3,0.7,0,0.49,0.3,0.21,0.79,0.7,0.51,1
"372",0.56,0.44,0.3,0.7,0,0.56,0.3,0.14,0.86,0.7,0.44,1
"373",0.63,0.37,0.3,0.7,0,0.63,0.3,0.07,0.93,0.7,0.37,1
"374",0.7,0.3,0.3,0.7,0,0.7,0.3,0,1,0.7,0.3,1
"375",0.03,0.97,0.3,0.7,0.03,0,0.27,0.7,0.3,0.73,1,0.97
"376",0.1,0.9,0.3,0.7,0.03,0.07,0.27,0.63,0.37,0.73,0.93,0.97
"377",0.17,0.83,0.3,0.7,0.03,0.14,0.27,0.56,0.44,0.73,0.86,0.97
"378",0.24,0.76,0.3,0.7,0.03,0.21,0.27,0.49,0.51,0.73,0.79,0.97
"379",0.31,0.69,0.3,0.7,0.03,0.28,0.27,0.42,0.58,0.73,0.72,0.97
"380",0.38,0.62,0.3,0.7,0.03,0.35,0.27,0.35,0.65,0.73,0.65,0.97
"381",0.45,0.55,0.3,0.7,0.03,0.42,0.27,0.28,0.72,0.73,0.58,0.97
"382",0.52,0.48,0.3,0.7,0.03,0.49,0.27,0.21,0.79,0.73,0.51,0.97
"383",0.59,0.41,0.3,0.7,0.03,0.56,0.27,0.14,0.86,0.73,0.44,0.97
"384",0.66,0.34,0.3,0.7,0.03,0.63,0.27,0.07,0.93,0.73,0.37,0.97
"385",0.73,0.27,0.3,0.7,0.03,0.7,0.27,0,1,0.73,0.3,0.97
"386",0.06,0.94,0.3,0.7,0.06,0,0.24,0.7,0.3,0.76,1,0.94
"387",0.13,0.87,0.3,0.7,0.06,0.07,0.24,0.63,0.37,0.76,0.93,0.94
"388",0.2,0.8,0.3,0.7,0.06,0.14,0.24,0.56,0.44,0.76,0.86,0.94
"389",0.27,0.73,0.3,0.7,0.06,0.21,0.24,0.49,0.51,0.76,0.79,0.94
"390",0.34,0.66,0.3,0.7,0.06,0.28,0.24,0.42,0.58,0.76,0.72,0.94
"391",0.41,0.59,0.3,0.7,0.06,0.35,0.24,0.35,0.65,0.76,0.65,0.94
"392",0.48,0.52,0.3,0.7,0.06,0.42,0.24,0.28,0.72,0.76,0.58,0.94
"393",0.55,0.45,0.3,0.7,0.06,0.49,0.24,0.21,0.79,0.76,0.51,0.94
"394",0.62,0.38,0.3,0.7,0.06,0.56,0.24,0.14,0.86,0.76,0.44,0.94
"395",0.69,0.31,0.3,0.7,0.06,0.63,0.24,0.07,0.93,0.76,0.37,0.94
"396",0.76,0.24,0.3,0.7,0.06,0.7,0.24,0,1,0.76,0.3,0.94
"397",0.09,0.91,0.3,0.7,0.09,0,0.21,0.7,0.3,0.79,1,0.91
"398",0.16,0.84,0.3,0.7,0.09,0.07,0.21,0.63,0.37,0.79,0.93,0.91
"399",0.23,0.77,0.3,0.7,0.09,0.14,0.21,0.56,0.44,0.79,0.86,0.91
"400",0.3,0.7,0.3,0.7,0.09,0.21,0.21,0.49,0.51,0.79,0.79,0.91
"401",0.37,0.63,0.3,0.7,0.09,0.28,0.21,0.42,0.58,0.79,0.72,0.91
"402",0.44,0.56,0.3,0.7,0.09,0.35,0.21,0.35,0.65,0.79,0.65,0.91
"403",0.51,0.49,0.3,0.7,0.09,0.42,0.21,0.28,0.72,0.79,0.58,0.91
"404",0.58,0.42,0.3,0.7,0.09,0.49,0.21,0.21,0.79,0.79,0.51,0.91
"405",0.65,0.35,0.3,0.7,0.09,0.56,0.21,0.14,0.86,0.79,0.44,0.91
"406",0.72,0.28,0.3,0.7,0.09,0.63,0.21,0.07,0.93,0.79,0.37,0.91
"407",0.79,0.21,0.3,0.7,0.09,0.7,0.21,0,1,0.79,0.3,0.91
"408",0.12,0.88,0.3,0.7,0.12,0,0.18,0.7,0.3,0.82,1,0.88
"409",0.19,0.81,0.3,0.7,0.12,0.07,0.18,0.63,0.37,0.82,0.93,0.88
"410",0.26,0.74,0.3,0.7,0.12,0.14,0.18,0.56,0.44,0.82,0.86,0.88
"411",0.33,0.67,0.3,0.7,0.12,0.21,0.18,0.49,0.51,0.82,0.79,0.88
"412",0.4,0.6,0.3,0.7,0.12,0.28,0.18,0.42,0.58,0.82,0.72,0.88
"413",0.47,0.53,0.3,0.7,0.12,0.35,0.18,0.35,0.65,0.82,0.65,0.88
"414",0.54,0.46,0.3,0.7,0.12,0.42,0.18,0.28,0.72,0.82,0.58,0.88
"415",0.61,0.39,0.3,0.7,0.12,0.49,0.18,0.21,0.79,0.82,0.51,0.88
"416",0.68,0.32,0.3,0.7,0.12,0.56,0.18,0.14,0.86,0.82,0.44,0.88
"417",0.75,0.25,0.3,0.7,0.12,0.63,0.18,0.07,0.93,0.82,0.37,0.88
"418",0.82,0.18,0.3,0.7,0.12,0.7,0.18,0,1,0.82,0.3,0.88
"419",0.15,0.85,0.3,0.7,0.15,0,0.15,0.7,0.3,0.85,1,0.85
"420",0.22,0.78,0.3,0.7,0.15,0.07,0.15,0.63,0.37,0.85,0.93,0.85
"421",0.29,0.71,0.3,0.7,0.15,0.14,0.15,0.56,0.44,0.85,0.86,0.85
"422",0.36,0.64,0.3,0.7,0.15,0.21,0.15,0.49,0.51,0.85,0.79,0.85
"423",0.43,0.57,0.3,0.7,0.15,0.28,0.15,0.42,0.58,0.85,0.72,0.85
"424",0.5,0.5,0.3,0.7,0.15,0.35,0.15,0.35,0.65,0.85,0.65,0.85
"425",0.57,0.43,0.3,0.7,0.15,0.42,0.15,0.28,0.72,0.85,0.58,0.85
"426",0.64,0.36,0.3,0.7,0.15,0.49,0.15,0.21,0.79,0.85,0.51,0.85
"427",0.71,0.29,0.3,0.7,0.15,0.56,0.15,0.14,0.86,0.85,0.44,0.85
"428",0.78,0.22,0.3,0.7,0.15,0.63,0.15,0.07,0.93,0.85,0.37,0.85
"429",0.85,0.15,0.3,0.7,0.15,0.7,0.15,0,1,0.85,0.3,0.85
"430",0.18,0.82,0.3,0.7,0.18,0,0.12,0.7,0.3,0.88,1,0.82
"431",0.25,0.75,0.3,0.7,0.18,0.07,0.12,0.63,0.37,0.88,0.93,0.82
"432",0.32,0.68,0.3,0.7,0.18,0.14,0.12,0.56,0.44,0.88,0.86,0.82
"433",0.39,0.61,0.3,0.7,0.18,0.21,0.12,0.49,0.51,0.88,0.79,0.82
"434",0.46,0.54,0.3,0.7,0.18,0.28,0.12,0.42,0.58,0.88,0.72,0.82
"435",0.53,0.47,0.3,0.7,0.18,0.35,0.12,0.35,0.65,0.88,0.65,0.82
"436",0.6,0.4,0.3,0.7,0.18,0.42,0.12,0.28,0.72,0.88,0.58,0.82
"437",0.67,0.33,0.3,0.7,0.18,0.49,0.12,0.21,0.79,0.88,0.51,0.82
"438",0.74,0.26,0.3,0.7,0.18,0.56,0.12,0.14,0.86,0.88,0.44,0.82
"439",0.81,0.19,0.3,0.7,0.18,0.63,0.12,0.07,0.93,0.88,0.37,0.82
"440",0.88,0.12,0.3,0.7,0.18,0.7,0.12,0,1,0.88,0.3,0.82
"441",0.21,0.79,0.3,0.7,0.21,0,0.09,0.7,0.3,0.91,1,0.79
"442",0.28,0.72,0.3,0.7,0.21,0.07,0.09,0.63,0.37,0.91,0.93,0.79
"443",0.35,0.65,0.3,0.7,0.21,0.14,0.09,0.56,0.44,0.91,0.86,0.79
"444",0.42,0.58,0.3,0.7,0.21,0.21,0.09,0.49,0.51,0.91,0.79,0.79
"445",0.49,0.51,0.3,0.7,0.21,0.28,0.09,0.42,0.58,0.91,0.72,0.79
"446",0.56,0.44,0.3,0.7,0.21,0.35,0.09,0.35,0.65,0.91,0.65,0.79
"447",0.63,0.37,0.3,0.7,0.21,0.42,0.09,0.28,0.72,0.91,0.58,0.79
"448",0.7,0.3,0.3,0.7,0.21,0.49,0.09,0.21,0.79,0.91,0.51,0.79
"449",0.77,0.23,0.3,0.7,0.21,0.56,0.09,0.14,0.86,0.91,0.44,0.79
"450",0.84,0.16,0.3,0.7,0.21,0.63,0.09,0.07,0.93,0.91,0.37,0.79
"451",0.91,0.09,0.3,0.7,0.21,0.7,0.09,0,1,0.91,0.3,0.79
"452",0.24,0.76,0.3,0.7,0.24,0,0.06,0.7,0.3,0.94,1,0.76
"453",0.31,0.69,0.3,0.7,0.24,0.07,0.06,0.63,0.37,0.94,0.93,0.76
"454",0.38,0.62,0.3,0.7,0.24,0.14,0.06,0.56,0.44,0.94,0.86,0.76
"455",0.45,0.55,0.3,0.7,0.24,0.21,0.06,0.49,0.51,0.94,0.79,0.76
"456",0.52,0.48,0.3,0.7,0.24,0.28,0.06,0.42,0.58,0.94,0.72,0.76
"457",0.59,0.41,0.3,0.7,0.24,0.35,0.06,0.35,0.65,0.94,0.65,0.76
"458",0.66,0.34,0.3,0.7,0.24,0.42,0.06,0.28,0.72,0.94,0.58,0.76
"459",0.73,0.27,0.3,0.7,0.24,0.49,0.06,0.21,0.79,0.94,0.51,0.76
"460",0.8,0.2,0.3,0.7,0.24,0.56,0.06,0.14,0.86,0.94,0.44,0.76
"461",0.87,0.13,0.3,0.7,0.24,0.63,0.06,0.07,0.93,0.94,0.37,0.76
"462",0.94,0.0600000000000001,0.3,0.7,0.24,0.7,0.06,0,1,0.94,0.3,0.76
"463",0.27,0.73,0.3,0.7,0.27,0,0.03,0.7,0.3,0.97,1,0.73
"464",0.34,0.66,0.3,0.7,0.27,0.07,0.03,0.63,0.37,0.97,0.93,0.73
"465",0.41,0.59,0.3,0.7,0.27,0.14,0.03,0.56,0.44,0.97,0.86,0.73
"466",0.48,0.52,0.3,0.7,0.27,0.21,0.03,0.49,0.51,0.97,0.79,0.73
"467",0.55,0.45,0.3,0.7,0.27,0.28,0.03,0.42,0.58,0.97,0.72,0.73
"468",0.62,0.38,0.3,0.7,0.27,0.35,0.03,0.35,0.65,0.97,0.65,0.73
"469",0.69,0.31,0.3,0.7,0.27,0.42,0.03,0.28,0.72,0.97,0.58,0.73
"470",0.76,0.24,0.3,0.7,0.27,0.49,0.03,0.21,0.79,0.97,0.51,0.73
"471",0.83,0.17,0.3,0.7,0.27,0.56,0.03,0.14,0.86,0.97,0.44,0.73
"472",0.9,0.0999999999999999,0.3,0.7,0.27,0.63,0.03,0.07,0.93,0.97,0.37,0.73
"473",0.97,0.03,0.3,0.7,0.27,0.7,0.03,0,1,0.97,0.3,0.73
"474",0.3,0.7,0.3,0.7,0.3,0,0,0.7,0.3,1,1,0.7
"475",0.37,0.63,0.3,0.7,0.3,0.07,0,0.63,0.37,1,0.93,0.7
"476",0.44,0.56,0.3,0.7,0.3,0.14,0,0.56,0.44,1,0.86,0.7
"477",0.51,0.49,0.3,0.7,0.3,0.21,0,0.49,0.51,1,0.79,0.7
"478",0.58,0.42,0.3,0.7,0.3,0.28,0,0.42,0.58,1,0.72,0.7
"479",0.65,0.35,0.3,0.7,0.3,0.35,0,0.35,0.65,1,0.65,0.7
"480",0.72,0.28,0.3,0.7,0.3,0.42,0,0.28,0.72,1,0.58,0.7
"481",0.79,0.21,0.3,0.7,0.3,0.49,0,0.21,0.79,1,0.51,0.7
"482",0.86,0.14,0.3,0.7,0.3,0.56,0,0.14,0.86,1,0.44,0.7
"483",0.93,0.07,0.3,0.7,0.3,0.63,0,0.07,0.93,1,0.37,0.7
"484",1,0,0.3,0.7,0.3,0.7,0,0,1,1,0.3,0.7
"485",0,1,0.4,0.6,0,0,0.4,0.6,0.4,0.6,1,1
"486",0.06,0.94,0.4,0.6,0,0.06,0.4,0.54,0.46,0.6,0.94,1
"487",0.12,0.88,0.4,0.6,0,0.12,0.4,0.48,0.52,0.6,0.88,1
"488",0.18,0.82,0.4,0.6,0,0.18,0.4,0.42,0.58,0.6,0.82,1
"489",0.24,0.76,0.4,0.6,0,0.24,0.4,0.36,0.64,0.6,0.76,1
"490",0.3,0.7,0.4,0.6,0,0.3,0.4,0.3,0.7,0.6,0.7,1
"491",0.36,0.64,0.4,0.6,0,0.36,0.4,0.24,0.76,0.6,0.64,1
"492",0.42,0.58,0.4,0.6,0,0.42,0.4,0.18,0.82,0.6,0.58,1
"493",0.48,0.52,0.4,0.6,0,0.48,0.4,0.12,0.88,0.6,0.52,1
"494",0.54,0.46,0.4,0.6,0,0.54,0.4,0.0599999999999999,0.94,0.6,0.46,1
"495",0.6,0.4,0.4,0.6,0,0.6,0.4,0,1,0.6,0.4,1
"496",0.04,0.96,0.4,0.6,0.04,0,0.36,0.6,0.4,0.64,1,0.96
"497",0.1,0.9,0.4,0.6,0.04,0.06,0.36,0.54,0.46,0.64,0.94,0.96
"498",0.16,0.84,0.4,0.6,0.04,0.12,0.36,0.48,0.52,0.64,0.88,0.96
"499",0.22,0.78,0.4,0.6,0.04,0.18,0.36,0.42,0.58,0.64,0.82,0.96
"500",0.28,0.72,0.4,0.6,0.04,0.24,0.36,0.36,0.64,0.64,0.76,0.96
"501",0.34,0.66,0.4,0.6,0.04,0.3,0.36,0.3,0.7,0.64,0.7,0.96
"502",0.4,0.6,0.4,0.6,0.04,0.36,0.36,0.24,0.76,0.64,0.64,0.96
"503",0.46,0.54,0.4,0.6,0.04,0.42,0.36,0.18,0.82,0.64,0.58,0.96
"504",0.52,0.48,0.4,0.6,0.04,0.48,0.36,0.12,0.88,0.64,0.52,0.96
"505",0.58,0.42,0.4,0.6,0.04,0.54,0.36,0.0599999999999999,0.94,0.64,0.46,0.96
"506",0.64,0.36,0.4,0.6,0.04,0.6,0.36,0,1,0.64,0.4,0.96
"507",0.08,0.92,0.4,0.6,0.08,0,0.32,0.6,0.4,0.68,1,0.92
"508",0.14,0.86,0.4,0.6,0.08,0.06,0.32,0.54,0.46,0.68,0.94,0.92
"509",0.2,0.8,0.4,0.6,0.08,0.12,0.32,0.48,0.52,0.68,0.88,0.92
"510",0.26,0.74,0.4,0.6,0.08,0.18,0.32,0.42,0.58,0.68,0.82,0.92
"511",0.32,0.68,0.4,0.6,0.08,0.24,0.32,0.36,0.64,0.68,0.76,0.92
"512",0.38,0.62,0.4,0.6,0.08,0.3,0.32,0.3,0.7,0.68,0.7,0.92
"513",0.44,0.56,0.4,0.6,0.08,0.36,0.32,0.24,0.76,0.68,0.64,0.92
"514",0.5,0.5,0.4,0.6,0.08,0.42,0.32,0.18,0.82,0.68,0.58,0.92
"515",0.56,0.44,0.4,0.6,0.08,0.48,0.32,0.12,0.88,0.68,0.52,0.92
"516",0.62,0.38,0.4,0.6,0.08,0.54,0.32,0.0599999999999999,0.94,0.68,0.46,0.92
"517",0.68,0.32,0.4,0.6,0.08,0.6,0.32,0,1,0.68,0.4,0.92
"518",0.12,0.88,0.4,0.6,0.12,0,0.28,0.6,0.4,0.72,1,0.88
"519",0.18,0.82,0.4,0.6,0.12,0.06,0.28,0.54,0.46,0.72,0.94,0.88
"520",0.24,0.76,0.4,0.6,0.12,0.12,0.28,0.48,0.52,0.72,0.88,0.88
"521",0.3,0.7,0.4,0.6,0.12,0.18,0.28,0.42,0.58,0.72,0.82,0.88
"522",0.36,0.64,0.4,0.6,0.12,0.24,0.28,0.36,0.64,0.72,0.76,0.88
"523",0.42,0.58,0.4,0.6,0.12,0.3,0.28,0.3,0.7,0.72,0.7,0.88
"524",0.48,0.52,0.4,0.6,0.12,0.36,0.28,0.24,0.76,0.72,0.64,0.88
"525",0.54,0.46,0.4,0.6,0.12,0.42,0.28,0.18,0.82,0.72,0.58,0.88
"526",0.6,0.4,0.4,0.6,0.12,0.48,0.28,0.12,0.88,0.72,0.52,0.88
"527",0.66,0.34,0.4,0.6,0.12,0.54,0.28,0.0599999999999999,0.94,0.72,0.46,0.88
"528",0.72,0.28,0.4,0.6,0.12,0.6,0.28,0,1,0.72,0.4,0.88
"529",0.16,0.84,0.4,0.6,0.16,0,0.24,0.6,0.4,0.76,1,0.84
"530",0.22,0.78,0.4,0.6,0.16,0.06,0.24,0.54,0.46,0.76,0.94,0.84
"531",0.28,0.72,0.4,0.6,0.16,0.12,0.24,0.48,0.52,0.76,0.88,0.84
"532",0.34,0.66,0.4,0.6,0.16,0.18,0.24,0.42,0.58,0.76,0.82,0.84
"533",0.4,0.6,0.4,0.6,0.16,0.24,0.24,0.36,0.64,0.76,0.76,0.84
"534",0.46,0.54,0.4,0.6,0.16,0.3,0.24,0.3,0.7,0.76,0.7,0.84
"535",0.52,0.48,0.4,0.6,0.16,0.36,0.24,0.24,0.76,0.76,0.64,0.84
"536",0.58,0.42,0.4,0.6,0.16,0.42,0.24,0.18,0.82,0.76,0.58,0.84
"537",0.64,0.36,0.4,0.6,0.16,0.48,0.24,0.12,0.88,0.76,0.52,0.84
"538",0.7,0.3,0.4,0.6,0.16,0.54,0.24,0.0599999999999999,0.94,0.76,0.46,0.84
"539",0.76,0.24,0.4,0.6,0.16,0.6,0.24,0,1,0.76,0.4,0.84
"540",0.2,0.8,0.4,0.6,0.2,0,0.2,0.6,0.4,0.8,1,0.8
"541",0.26,0.74,0.4,0.6,0.2,0.06,0.2,0.54,0.46,0.8,0.94,0.8
"542",0.32,0.68,0.4,0.6,0.2,0.12,0.2,0.48,0.52,0.8,0.88,0.8
"543",0.38,0.62,0.4,0.6,0.2,0.18,0.2,0.42,0.58,0.8,0.82,0.8
"544",0.44,0.56,0.4,0.6,0.2,0.24,0.2,0.36,0.64,0.8,0.76,0.8
"545",0.5,0.5,0.4,0.6,0.2,0.3,0.2,0.3,0.7,0.8,0.7,0.8
"546",0.56,0.44,0.4,0.6,0.2,0.36,0.2,0.24,0.76,0.8,0.64,0.8
"547",0.62,0.38,0.4,0.6,0.2,0.42,0.2,0.18,0.82,0.8,0.58,0.8
"548",0.68,0.32,0.4,0.6,0.2,0.48,0.2,0.12,0.88,0.8,0.52,0.8
"549",0.74,0.26,0.4,0.6,0.2,0.54,0.2,0.0599999999999999,0.94,0.8,0.46,0.8
"550",0.8,0.2,0.4,0.6,0.2,0.6,0.2,0,1,0.8,0.4,0.8
"551",0.24,0.76,0.4,0.6,0.24,0,0.16,0.6,0.4,0.84,1,0.76
"552",0.3,0.7,0.4,0.6,0.24,0.06,0.16,0.54,0.46,0.84,0.94,0.76
"553",0.36,0.64,0.4,0.6,0.24,0.12,0.16,0.48,0.52,0.84,0.88,0.76
"554",0.42,0.58,0.4,0.6,0.24,0.18,0.16,0.42,0.58,0.84,0.82,0.76
"555",0.48,0.52,0.4,0.6,0.24,0.24,0.16,0.36,0.64,0.84,0.76,0.76
"556",0.54,0.46,0.4,0.6,0.24,0.3,0.16,0.3,0.7,0.84,0.7,0.76
"557",0.6,0.4,0.4,0.6,0.24,0.36,0.16,0.24,0.76,0.84,0.64,0.76
"558",0.66,0.34,0.4,0.6,0.24,0.42,0.16,0.18,0.82,0.84,0.58,0.76
"559",0.72,0.28,0.4,0.6,0.24,0.48,0.16,0.12,0.88,0.84,0.52,0.76
"560",0.78,0.22,0.4,0.6,0.24,0.54,0.16,0.0599999999999999,0.94,0.84,0.46,0.76
"561",0.84,0.16,0.4,0.6,0.24,0.6,0.16,0,1,0.84,0.4,0.76
"562",0.28,0.72,0.4,0.6,0.28,0,0.12,0.6,0.4,0.88,1,0.72
"563",0.34,0.66,0.4,0.6,0.28,0.06,0.12,0.54,0.46,0.88,0.94,0.72
"564",0.4,0.6,0.4,0.6,0.28,0.12,0.12,0.48,0.52,0.88,0.88,0.72
"565",0.46,0.54,0.4,0.6,0.28,0.18,0.12,0.42,0.58,0.88,0.82,0.72
"566",0.52,0.48,0.4,0.6,0.28,0.24,0.12,0.36,0.64,0.88,0.76,0.72
"567",0.58,0.42,0.4,0.6,0.28,0.3,0.12,0.3,0.7,0.88,0.7,0.72
"568",0.64,0.36,0.4,0.6,0.28,0.36,0.12,0.24,0.76,0.88,0.64,0.72
"569",0.7,0.3,0.4,0.6,0.28,0.42,0.12,0.18,0.82,0.88,0.58,0.72
"570",0.76,0.24,0.4,0.6,0.28,0.48,0.12,0.12,0.88,0.88,0.52,0.72
"571",0.82,0.18,0.4,0.6,0.28,0.54,0.12,0.0599999999999999,0.94,0.88,0.46,0.72
"572",0.88,0.12,0.4,0.6,0.28,0.6,0.12,0,1,0.88,0.4,0.72
"573",0.32,0.68,0.4,0.6,0.32,0,0.08,0.6,0.4,0.92,1,0.68
"574",0.38,0.62,0.4,0.6,0.32,0.06,0.08,0.54,0.46,0.92,0.94,0.68
"575",0.44,0.56,0.4,0.6,0.32,0.12,0.08,0.48,0.52,0.92,0.88,0.68
"576",0.5,0.5,0.4,0.6,0.32,0.18,0.08,0.42,0.58,0.92,0.82,0.68
"577",0.56,0.44,0.4,0.6,0.32,0.24,0.08,0.36,0.64,0.92,0.76,0.68
"578",0.62,0.38,0.4,0.6,0.32,0.3,0.08,0.3,0.7,0.92,0.7,0.68
"579",0.68,0.32,0.4,0.6,0.32,0.36,0.08,0.24,0.76,0.92,0.64,0.68
"580",0.74,0.26,0.4,0.6,0.32,0.42,0.08,0.18,0.82,0.92,0.58,0.68
"581",0.8,0.2,0.4,0.6,0.32,0.48,0.08,0.12,0.88,0.92,0.52,0.68
"582",0.86,0.14,0.4,0.6,0.32,0.54,0.08,0.0599999999999999,0.94,0.92,0.46,0.68
"583",0.92,0.08,0.4,0.6,0.32,0.6,0.08,0,1,0.92,0.4,0.68
"584",0.36,0.64,0.4,0.6,0.36,0,0.04,0.6,0.4,0.96,1,0.64
"585",0.42,0.58,0.4,0.6,0.36,0.06,0.04,0.54,0.46,0.96,0.94,0.64
"586",0.48,0.52,0.4,0.6,0.36,0.12,0.04,0.48,0.52,0.96,0.88,0.64
"587",0.54,0.46,0.4,0.6,0.36,0.18,0.04,0.42,0.58,0.96,0.82,0.64
"588",0.6,0.4,0.4,0.6,0.36,0.24,0.04,0.36,0.64,0.96,0.76,0.64
"589",0.66,0.34,0.4,0.6,0.36,0.3,0.04,0.3,0.7,0.96,0.7,0.64
"590",0.72,0.28,0.4,0.6,0.36,0.36,0.04,0.24,0.76,0.96,0.64,0.64
"591",0.78,0.22,0.4,0.6,0.36,0.42,0.04,0.18,0.82,0.96,0.58,0.64
"592",0.84,0.16,0.4,0.6,0.36,0.48,0.04,0.12,0.88,0.96,0.52,0.64
"593",0.9,0.0999999999999999,0.4,0.6,0.36,0.54,0.04,0.0599999999999999,0.94,0.96,0.46,0.64
"594",0.96,0.04,0.4,0.6,0.36,0.6,0.04,0,1,0.96,0.4,0.64
"595",0.4,0.6,0.4,0.6,0.4,0,0,0.6,0.4,1,1,0.6
"596",0.46,0.54,0.4,0.6,0.4,0.06,0,0.54,0.46,1,0.94,0.6
"597",0.52,0.48,0.4,0.6,0.4,0.12,0,0.48,0.52,1,0.88,0.6
"598",0.58,0.42,0.4,0.6,0.4,0.18,0,0.42,0.58,1,0.82,0.6
"599",0.64,0.36,0.4,0.6,0.4,0.24,0,0.36,0.64,1,0.76,0.6
"600",0.7,0.3,0.4,0.6,0.4,0.3,0,0.3,0.7,1,0.7,0.6
"601",0.76,0.24,0.4,0.6,0.4,0.36,5.55111512312578e-17,0.24,0.76,1,0.64,0.6
"602",0.82,0.18,0.4,0.6,0.4,0.42,0,0.18,0.82,1,0.58,0.6
"603",0.88,0.12,0.4,0.6,0.4,0.48,0,0.12,0.88,1,0.52,0.6
"604",0.94,0.0599999999999999,0.4,0.6,0.4,0.54,0,0.0599999999999999,0.94,1,0.46,0.6
"605",1,0,0.4,0.6,0.4,0.6,0,0,1,1,0.4,0.6
"606",0,1,0.5,0.5,0,0,0.5,0.5,0.5,0.5,1,1
"607",0.05,0.95,0.5,0.5,0,0.05,0.5,0.45,0.55,0.5,0.95,1
"608",0.1,0.9,0.5,0.5,0,0.1,0.5,0.4,0.6,0.5,0.9,1
"609",0.15,0.85,0.5,0.5,0,0.15,0.5,0.35,0.65,0.5,0.85,1
"610",0.2,0.8,0.5,0.5,0,0.2,0.5,0.3,0.7,0.5,0.8,1
"611",0.25,0.75,0.5,0.5,0,0.25,0.5,0.25,0.75,0.5,0.75,1
"612",0.3,0.7,0.5,0.5,0,0.3,0.5,0.2,0.8,0.5,0.7,1
"613",0.35,0.65,0.5,0.5,0,0.35,0.5,0.15,0.85,0.5,0.65,1
"614",0.4,0.6,0.5,0.5,0,0.4,0.5,0.1,0.9,0.5,0.6,1
"615",0.45,0.55,0.5,0.5,0,0.45,0.5,0.05,0.95,0.5,0.55,1
"616",0.5,0.5,0.5,0.5,0,0.5,0.5,0,1,0.5,0.5,1
"617",0.05,0.95,0.5,0.5,0.05,0,0.45,0.5,0.5,0.55,1,0.95
"618",0.1,0.9,0.5,0.5,0.05,0.05,0.45,0.45,0.55,0.55,0.95,0.95
"619",0.15,0.85,0.5,0.5,0.05,0.1,0.45,0.4,0.6,0.55,0.9,0.95
"620",0.2,0.8,0.5,0.5,0.05,0.15,0.45,0.35,0.65,0.55,0.85,0.95
"621",0.25,0.75,0.5,0.5,0.05,0.2,0.45,0.3,0.7,0.55,0.8,0.95
"622",0.3,0.7,0.5,0.5,0.05,0.25,0.45,0.25,0.75,0.55,0.75,0.95
"623",0.35,0.65,0.5,0.5,0.05,0.3,0.45,0.2,0.8,0.55,0.7,0.95
"624",0.4,0.6,0.5,0.5,0.05,0.35,0.45,0.15,0.85,0.55,0.65,0.95
"625",0.45,0.55,0.5,0.5,0.05,0.4,0.45,0.1,0.9,0.55,0.6,0.95
"626",0.5,0.5,0.5,0.5,0.05,0.45,0.45,0.05,0.95,0.55,0.55,0.95
"627",0.55,0.45,0.5,0.5,0.05,0.5,0.45,0,1,0.55,0.5,0.95
"628",0.1,0.9,0.5,0.5,0.1,0,0.4,0.5,0.5,0.6,1,0.9
"629",0.15,0.85,0.5,0.5,0.1,0.05,0.4,0.45,0.55,0.6,0.95,0.9
"630",0.2,0.8,0.5,0.5,0.1,0.1,0.4,0.4,0.6,0.6,0.9,0.9
"631",0.25,0.75,0.5,0.5,0.1,0.15,0.4,0.35,0.65,0.6,0.85,0.9
"632",0.3,0.7,0.5,0.5,0.1,0.2,0.4,0.3,0.7,0.6,0.8,0.9
"633",0.35,0.65,0.5,0.5,0.1,0.25,0.4,0.25,0.75,0.6,0.75,0.9
"634",0.4,0.6,0.5,0.5,0.1,0.3,0.4,0.2,0.8,0.6,0.7,0.9
"635",0.45,0.55,0.5,0.5,0.1,0.35,0.4,0.15,0.85,0.6,0.65,0.9
"636",0.5,0.5,0.5,0.5,0.1,0.4,0.4,0.1,0.9,0.6,0.6,0.9
"637",0.55,0.45,0.5,0.5,0.1,0.45,0.4,0.05,0.95,0.6,0.55,0.9
"638",0.6,0.4,0.5,0.5,0.1,0.5,0.4,0,1,0.6,0.5,0.9
"639",0.15,0.85,0.5,0.5,0.15,0,0.35,0.5,0.5,0.65,1,0.85
"640",0.2,0.8,0.5,0.5,0.15,0.05,0.35,0.45,0.55,0.65,0.95,0.85
"641",0.25,0.75,0.5,0.5,0.15,0.1,0.35,0.4,0.6,0.65,0.9,0.85
"642",0.3,0.7,0.5,0.5,0.15,0.15,0.35,0.35,0.65,0.65,0.85,0.85
"643",0.35,0.65,0.5,0.5,0.15,0.2,0.35,0.3,0.7,0.65,0.8,0.85
"644",0.4,0.6,0.5,0.5,0.15,0.25,0.35,0.25,0.75,0.65,0.75,0.85
"645",0.45,0.55,0.5,0.5,0.15,0.3,0.35,0.2,0.8,0.65,0.7,0.85
"646",0.5,0.5,0.5,0.5,0.15,0.35,0.35,0.15,0.85,0.65,0.65,0.85
"647",0.55,0.45,0.5,0.5,0.15,0.4,0.35,0.1,0.9,0.65,0.6,0.85
"648",0.6,0.4,0.5,0.5,0.15,0.45,0.35,0.05,0.95,0.65,0.55,0.85
"649",0.65,0.35,0.5,0.5,0.15,0.5,0.35,0,1,0.65,0.5,0.85
"650",0.2,0.8,0.5,0.5,0.2,0,0.3,0.5,0.5,0.7,1,0.8
"651",0.25,0.75,0.5,0.5,0.2,0.05,0.3,0.45,0.55,0.7,0.95,0.8
"652",0.3,0.7,0.5,0.5,0.2,0.1,0.3,0.4,0.6,0.7,0.9,0.8
"653",0.35,0.65,0.5,0.5,0.2,0.15,0.3,0.35,0.65,0.7,0.85,0.8
"654",0.4,0.6,0.5,0.5,0.2,0.2,0.3,0.3,0.7,0.7,0.8,0.8
"655",0.45,0.55,0.5,0.5,0.2,0.25,0.3,0.25,0.75,0.7,0.75,0.8
"656",0.5,0.5,0.5,0.5,0.2,0.3,0.3,0.2,0.8,0.7,0.7,0.8
"657",0.55,0.45,0.5,0.5,0.2,0.35,0.3,0.15,0.85,0.7,0.65,0.8
"658",0.6,0.4,0.5,0.5,0.2,0.4,0.3,0.1,0.9,0.7,0.6,0.8
"659",0.65,0.35,0.5,0.5,0.2,0.45,0.3,0.05,0.95,0.7,0.55,0.8
"660",0.7,0.3,0.5,0.5,0.2,0.5,0.3,0,1,0.7,0.5,0.8
"661",0.25,0.75,0.5,0.5,0.25,0,0.25,0.5,0.5,0.75,1,0.75
"662",0.3,0.7,0.5,0.5,0.25,0.05,0.25,0.45,0.55,0.75,0.95,0.75
"663",0.35,0.65,0.5,0.5,0.25,0.1,0.25,0.4,0.6,0.75,0.9,0.75
"664",0.4,0.6,0.5,0.5,0.25,0.15,0.25,0.35,0.65,0.75,0.85,0.75
"665",0.45,0.55,0.5,0.5,0.25,0.2,0.25,0.3,0.7,0.75,0.8,0.75
"666",0.5,0.5,0.5,0.5,0.25,0.25,0.25,0.25,0.75,0.75,0.75,0.75
"667",0.55,0.45,0.5,0.5,0.25,0.3,0.25,0.2,0.8,0.75,0.7,0.75
"668",0.6,0.4,0.5,0.5,0.25,0.35,0.25,0.15,0.85,0.75,0.65,0.75
"669",0.65,0.35,0.5,0.5,0.25,0.4,0.25,0.1,0.9,0.75,0.6,0.75
"670",0.7,0.3,0.5,0.5,0.25,0.45,0.25,0.05,0.95,0.75,0.55,0.75
"671",0.75,0.25,0.5,0.5,0.25,0.5,0.25,0,1,0.75,0.5,0.75
"672",0.3,0.7,0.5,0.5,0.3,0,0.2,0.5,0.5,0.8,1,0.7
"673",0.35,0.65,0.5,0.5,0.3,0.05,0.2,0.45,0.55,0.8,0.95,0.7
"674",0.4,0.6,0.5,0.5,0.3,0.1,0.2,0.4,0.6,0.8,0.9,0.7
"675",0.45,0.55,0.5,0.5,0.3,0.15,0.2,0.35,0.65,0.8,0.85,0.7
"676",0.5,0.5,0.5,0.5,0.3,0.2,0.2,0.3,0.7,0.8,0.8,0.7
"677",0.55,0.45,0.5,0.5,0.3,0.25,0.2,0.25,0.75,0.8,0.75,0.7
"678",0.6,0.4,0.5,0.5,0.3,0.3,0.2,0.2,0.8,0.8,0.7,0.7
"679",0.65,0.35,0.5,0.5,0.3,0.35,0.2,0.15,0.85,0.8,0.65,0.7
"680",0.7,0.3,0.5,0.5,0.3,0.4,0.2,0.1,0.9,0.8,0.6,0.7
"681",0.75,0.25,0.5,0.5,0.3,0.45,0.2,0.05,0.95,0.8,0.55,0.7
"682",0.8,0.2,0.5,0.5,0.3,0.5,0.2,0,1,0.8,0.5,0.7
"683",0.35,0.65,0.5,0.5,0.35,0,0.15,0.5,0.5,0.85,1,0.65
"684",0.4,0.6,0.5,0.5,0.35,0.05,0.15,0.45,0.55,0.85,0.95,0.65
"685",0.45,0.55,0.5,0.5,0.35,0.1,0.15,0.4,0.6,0.85,0.9,0.65
"686",0.5,0.5,0.5,0.5,0.35,0.15,0.15,0.35,0.65,0.85,0.85,0.65
"687",0.55,0.45,0.5,0.5,0.35,0.2,0.15,0.3,0.7,0.85,0.8,0.65
"688",0.6,0.4,0.5,0.5,0.35,0.25,0.15,0.25,0.75,0.85,0.75,0.65
"689",0.65,0.35,0.5,0.5,0.35,0.3,0.15,0.2,0.8,0.85,0.7,0.65
"690",0.7,0.3,0.5,0.5,0.35,0.35,0.15,0.15,0.85,0.85,0.65,0.65
"691",0.75,0.25,0.5,0.5,0.35,0.4,0.15,0.1,0.9,0.85,0.6,0.65
"692",0.8,0.2,0.5,0.5,0.35,0.45,0.15,0.05,0.95,0.85,0.55,0.65
"693",0.85,0.15,0.5,0.5,0.35,0.5,0.15,0,1,0.85,0.5,0.65
"694",0.4,0.6,0.5,0.5,0.4,0,0.1,0.5,0.5,0.9,1,0.6
"695",0.45,0.55,0.5,0.5,0.4,0.05,0.1,0.45,0.55,0.9,0.95,0.6
"696",0.5,0.5,0.5,0.5,0.4,0.1,0.1,0.4,0.6,0.9,0.9,0.6
"697",0.55,0.45,0.5,0.5,0.4,0.15,0.1,0.35,0.65,0.9,0.85,0.6
"698",0.6,0.4,0.5,0.5,0.4,0.2,0.1,0.3,0.7,0.9,0.8,0.6
"699",0.65,0.35,0.5,0.5,0.4,0.25,0.1,0.25,0.75,0.9,0.75,0.6
"700",0.7,0.3,0.5,0.5,0.4,0.3,0.1,0.2,0.8,0.9,0.7,0.6
"701",0.75,0.25,0.5,0.5,0.4,0.35,0.1,0.15,0.85,0.9,0.65,0.6
"702",0.8,0.2,0.5,0.5,0.4,0.4,0.1,0.1,0.9,0.9,0.6,0.6
"703",0.85,0.15,0.5,0.5,0.4,0.45,0.1,0.0499999999999999,0.95,0.9,0.55,0.6
"704",0.9,0.1,0.5,0.5,0.4,0.5,0.1,0,1,0.9,0.5,0.6
"705",0.45,0.55,0.5,0.5,0.45,0,0.05,0.5,0.5,0.95,1,0.55
"706",0.5,0.5,0.5,0.5,0.45,0.05,0.05,0.45,0.55,0.95,0.95,0.55
"707",0.55,0.45,0.5,0.5,0.45,0.1,0.05,0.4,0.6,0.95,0.9,0.55
"708",0.6,0.4,0.5,0.5,0.45,0.15,0.05,0.35,0.65,0.95,0.85,0.55
"709",0.65,0.35,0.5,0.5,0.45,0.2,0.05,0.3,0.7,0.95,0.8,0.55
"710",0.7,0.3,0.5,0.5,0.45,0.25,0.05,0.25,0.75,0.95,0.75,0.55
"711",0.75,0.25,0.5,0.5,0.45,0.3,0.05,0.2,0.8,0.95,0.7,0.55
"712",0.8,0.2,0.5,0.5,0.45,0.35,0.05,0.15,0.85,0.95,0.65,0.55
"713",0.85,0.15,0.5,0.5,0.45,0.4,0.0499999999999999,0.1,0.9,0.95,0.6,0.55
"714",0.9,0.1,0.5,0.5,0.45,0.45,0.05,0.05,0.95,0.95,0.55,0.55
"715",0.95,0.05,0.5,0.5,0.45,0.5,0.05,5.55111512312578e-17,1,0.95,0.5,0.55
"716",0.5,0.5,0.5,0.5,0.5,0,0,0.5,0.5,1,1,0.5
"717",0.55,0.45,0.5,0.5,0.5,0.05,0,0.45,0.55,1,0.95,0.5
"718",0.6,0.4,0.5,0.5,0.5,0.1,0,0.4,0.6,1,0.9,0.5
"719",0.65,0.35,0.5,0.5,0.5,0.15,0,0.35,0.65,1,0.85,0.5
"720",0.7,0.3,0.5,0.5,0.5,0.2,0,0.3,0.7,1,0.8,0.5
"721",0.75,0.25,0.5,0.5,0.5,0.25,0,0.25,0.75,1,0.75,0.5
"722",0.8,0.2,0.5,0.5,0.5,0.3,0,0.2,0.8,1,0.7,0.5
"723",0.85,0.15,0.5,0.5,0.5,0.35,0,0.15,0.85,1,0.65,0.5
"724",0.9,0.1,0.5,0.5,0.5,0.4,0,0.1,0.9,1,0.6,0.5
"725",0.95,0.05,0.5,0.5,0.5,0.45,5.55111512312578e-17,0.05,0.95,1,0.55,0.5
"726",1,0,0.5,0.5,0.5,0.5,0,0,1,1,0.5,0.5
"727",0,1,0.6,0.4,0,0,0.6,0.4,0.6,0.4,1,1
"728",0.04,0.96,0.6,0.4,0,0.04,0.6,0.36,0.64,0.4,0.96,1
"729",0.08,0.92,0.6,0.4,0,0.08,0.6,0.32,0.68,0.4,0.92,1
"730",0.12,0.88,0.6,0.4,0,0.12,0.6,0.28,0.72,0.4,0.88,1
"731",0.16,0.84,0.6,0.4,0,0.16,0.6,0.24,0.76,0.4,0.84,1
"732",0.2,0.8,0.6,0.4,0,0.2,0.6,0.2,0.8,0.4,0.8,1
"733",0.24,0.76,0.6,0.4,0,0.24,0.6,0.16,0.84,0.4,0.76,1
"734",0.28,0.72,0.6,0.4,0,0.28,0.6,0.12,0.88,0.4,0.72,1
"735",0.32,0.68,0.6,0.4,0,0.32,0.6,0.08,0.92,0.4,0.68,1
"736",0.36,0.64,0.6,0.4,0,0.36,0.6,0.04,0.96,0.4,0.64,1
"737",0.4,0.6,0.6,0.4,0,0.4,0.6,0,1,0.4,0.6,1
"738",0.06,0.94,0.6,0.4,0.06,0,0.54,0.4,0.6,0.46,1,0.94
"739",0.1,0.9,0.6,0.4,0.06,0.04,0.54,0.36,0.64,0.46,0.96,0.94
"740",0.14,0.86,0.6,0.4,0.06,0.08,0.54,0.32,0.68,0.46,0.92,0.94
"741",0.18,0.82,0.6,0.4,0.06,0.12,0.54,0.28,0.72,0.46,0.88,0.94
"742",0.22,0.78,0.6,0.4,0.06,0.16,0.54,0.24,0.76,0.46,0.84,0.94
"743",0.26,0.74,0.6,0.4,0.06,0.2,0.54,0.2,0.8,0.46,0.8,0.94
"744",0.3,0.7,0.6,0.4,0.06,0.24,0.54,0.16,0.84,0.46,0.76,0.94
"745",0.34,0.66,0.6,0.4,0.06,0.28,0.54,0.12,0.88,0.46,0.72,0.94
"746",0.38,0.62,0.6,0.4,0.06,0.32,0.54,0.08,0.92,0.46,0.68,0.94
"747",0.42,0.58,0.6,0.4,0.06,0.36,0.54,0.04,0.96,0.46,0.64,0.94
"748",0.46,0.54,0.6,0.4,0.06,0.4,0.54,0,1,0.46,0.6,0.94
"749",0.12,0.88,0.6,0.4,0.12,0,0.48,0.4,0.6,0.52,1,0.88
"750",0.16,0.84,0.6,0.4,0.12,0.04,0.48,0.36,0.64,0.52,0.96,0.88
"751",0.2,0.8,0.6,0.4,0.12,0.08,0.48,0.32,0.68,0.52,0.92,0.88
"752",0.24,0.76,0.6,0.4,0.12,0.12,0.48,0.28,0.72,0.52,0.88,0.88
"753",0.28,0.72,0.6,0.4,0.12,0.16,0.48,0.24,0.76,0.52,0.84,0.88
"754",0.32,0.68,0.6,0.4,0.12,0.2,0.48,0.2,0.8,0.52,0.8,0.88
"755",0.36,0.64,0.6,0.4,0.12,0.24,0.48,0.16,0.84,0.52,0.76,0.88
"756",0.4,0.6,0.6,0.4,0.12,0.28,0.48,0.12,0.88,0.52,0.72,0.88
"757",0.44,0.56,0.6,0.4,0.12,0.32,0.48,0.08,0.92,0.52,0.68,0.88
"758",0.48,0.52,0.6,0.4,0.12,0.36,0.48,0.04,0.96,0.52,0.64,0.88
"759",0.52,0.48,0.6,0.4,0.12,0.4,0.48,0,1,0.52,0.6,0.88
"760",0.18,0.82,0.6,0.4,0.18,0,0.42,0.4,0.6,0.58,1,0.82
"761",0.22,0.78,0.6,0.4,0.18,0.04,0.42,0.36,0.64,0.58,0.96,0.82
"762",0.26,0.74,0.6,0.4,0.18,0.08,0.42,0.32,0.68,0.58,0.92,0.82
"763",0.3,0.7,0.6,0.4,0.18,0.12,0.42,0.28,0.72,0.58,0.88,0.82
"764",0.34,0.66,0.6,0.4,0.18,0.16,0.42,0.24,0.76,0.58,0.84,0.82
"765",0.38,0.62,0.6,0.4,0.18,0.2,0.42,0.2,0.8,0.58,0.8,0.82
"766",0.42,0.58,0.6,0.4,0.18,0.24,0.42,0.16,0.84,0.58,0.76,0.82
"767",0.46,0.54,0.6,0.4,0.18,0.28,0.42,0.12,0.88,0.58,0.72,0.82
"768",0.5,0.5,0.6,0.4,0.18,0.32,0.42,0.08,0.92,0.58,0.68,0.82
"769",0.54,0.46,0.6,0.4,0.18,0.36,0.42,0.04,0.96,0.58,0.64,0.82
"770",0.58,0.42,0.6,0.4,0.18,0.4,0.42,0,1,0.58,0.6,0.82
"771",0.24,0.76,0.6,0.4,0.24,0,0.36,0.4,0.6,0.64,1,0.76
"772",0.28,0.72,0.6,0.4,0.24,0.04,0.36,0.36,0.64,0.64,0.96,0.76
"773",0.32,0.68,0.6,0.4,0.24,0.08,0.36,0.32,0.68,0.64,0.92,0.76
"774",0.36,0.64,0.6,0.4,0.24,0.12,0.36,0.28,0.72,0.64,0.88,0.76
"775",0.4,0.6,0.6,0.4,0.24,0.16,0.36,0.24,0.76,0.64,0.84,0.76
"776",0.44,0.56,0.6,0.4,0.24,0.2,0.36,0.2,0.8,0.64,0.8,0.76
"777",0.48,0.52,0.6,0.4,0.24,0.24,0.36,0.16,0.84,0.64,0.76,0.76
"778",0.52,0.48,0.6,0.4,0.24,0.28,0.36,0.12,0.88,0.64,0.72,0.76
"779",0.56,0.44,0.6,0.4,0.24,0.32,0.36,0.08,0.92,0.64,0.68,0.76
"780",0.6,0.4,0.6,0.4,0.24,0.36,0.36,0.04,0.96,0.64,0.64,0.76
"781",0.64,0.36,0.6,0.4,0.24,0.4,0.36,0,1,0.64,0.6,0.76
"782",0.3,0.7,0.6,0.4,0.3,0,0.3,0.4,0.6,0.7,1,0.7
"783",0.34,0.66,0.6,0.4,0.3,0.04,0.3,0.36,0.64,0.7,0.96,0.7
"784",0.38,0.62,0.6,0.4,0.3,0.08,0.3,0.32,0.68,0.7,0.92,0.7
"785",0.42,0.58,0.6,0.4,0.3,0.12,0.3,0.28,0.72,0.7,0.88,0.7
"786",0.46,0.54,0.6,0.4,0.3,0.16,0.3,0.24,0.76,0.7,0.84,0.7
"787",0.5,0.5,0.6,0.4,0.3,0.2,0.3,0.2,0.8,0.7,0.8,0.7
"788",0.54,0.46,0.6,0.4,0.3,0.24,0.3,0.16,0.84,0.7,0.76,0.7
"789",0.58,0.42,0.6,0.4,0.3,0.28,0.3,0.12,0.88,0.7,0.72,0.7
"790",0.62,0.38,0.6,0.4,0.3,0.32,0.3,0.08,0.92,0.7,0.68,0.7
"791",0.66,0.34,0.6,0.4,0.3,0.36,0.3,0.04,0.96,0.7,0.64,0.7
"792",0.7,0.3,0.6,0.4,0.3,0.4,0.3,5.55111512312578e-17,1,0.7,0.6,0.7
"793",0.36,0.64,0.6,0.4,0.36,0,0.24,0.4,0.6,0.76,1,0.64
"794",0.4,0.6,0.6,0.4,0.36,0.04,0.24,0.36,0.64,0.76,0.96,0.64
"795",0.44,0.56,0.6,0.4,0.36,0.08,0.24,0.32,0.68,0.76,0.92,0.64
"796",0.48,0.52,0.6,0.4,0.36,0.12,0.24,0.28,0.72,0.76,0.88,0.64
"797",0.52,0.48,0.6,0.4,0.36,0.16,0.24,0.24,0.76,0.76,0.84,0.64
"798",0.56,0.44,0.6,0.4,0.36,0.2,0.24,0.2,0.8,0.76,0.8,0.64
"799",0.6,0.4,0.6,0.4,0.36,0.24,0.24,0.16,0.84,0.76,0.76,0.64
"800",0.64,0.36,0.6,0.4,0.36,0.28,0.24,0.12,0.88,0.76,0.72,0.64
"801",0.68,0.32,0.6,0.4,0.36,0.32,0.24,0.08,0.92,0.76,0.68,0.64
"802",0.72,0.28,0.6,0.4,0.36,0.36,0.24,0.04,0.96,0.76,0.64,0.64
"803",0.76,0.24,0.6,0.4,0.36,0.4,0.24,0,1,0.76,0.6,0.64
"804",0.42,0.58,0.6,0.4,0.42,0,0.18,0.4,0.6,0.82,1,0.58
"805",0.46,0.54,0.6,0.4,0.42,0.04,0.18,0.36,0.64,0.82,0.96,0.58
"806",0.5,0.5,0.6,0.4,0.42,0.08,0.18,0.32,0.68,0.82,0.92,0.58
"807",0.54,0.46,0.6,0.4,0.42,0.12,0.18,0.28,0.72,0.82,0.88,0.58
"808",0.58,0.42,0.6,0.4,0.42,0.16,0.18,0.24,0.76,0.82,0.84,0.58
"809",0.62,0.38,0.6,0.4,0.42,0.2,0.18,0.2,0.8,0.82,0.8,0.58
"810",0.66,0.34,0.6,0.4,0.42,0.24,0.18,0.16,0.84,0.82,0.76,0.58
"811",0.7,0.3,0.6,0.4,0.42,0.28,0.18,0.12,0.88,0.82,0.72,0.58
"812",0.74,0.26,0.6,0.4,0.42,0.32,0.18,0.08,0.92,0.82,0.68,0.58
"813",0.78,0.22,0.6,0.4,0.42,0.36,0.18,0.04,0.96,0.82,0.64,0.58
"814",0.82,0.18,0.6,0.4,0.42,0.4,0.18,0,1,0.82,0.6,0.58
"815",0.48,0.52,0.6,0.4,0.48,0,0.12,0.4,0.6,0.88,1,0.52
"816",0.52,0.48,0.6,0.4,0.48,0.04,0.12,0.36,0.64,0.88,0.96,0.52
"817",0.56,0.44,0.6,0.4,0.48,0.08,0.12,0.32,0.68,0.88,0.92,0.52
"818",0.6,0.4,0.6,0.4,0.48,0.12,0.12,0.28,0.72,0.88,0.88,0.52
"819",0.64,0.36,0.6,0.4,0.48,0.16,0.12,0.24,0.76,0.88,0.84,0.52
"820",0.68,0.32,0.6,0.4,0.48,0.2,0.12,0.2,0.8,0.88,0.8,0.52
"821",0.72,0.28,0.6,0.4,0.48,0.24,0.12,0.16,0.84,0.88,0.76,0.52
"822",0.76,0.24,0.6,0.4,0.48,0.28,0.12,0.12,0.88,0.88,0.72,0.52
"823",0.8,0.2,0.6,0.4,0.48,0.32,0.12,0.08,0.92,0.88,0.68,0.52
"824",0.84,0.16,0.6,0.4,0.48,0.36,0.12,0.04,0.96,0.88,0.64,0.52
"825",0.88,0.12,0.6,0.4,0.48,0.4,0.12,0,1,0.88,0.6,0.52
"826",0.54,0.46,0.6,0.4,0.54,0,0.0599999999999999,0.4,0.6,0.94,1,0.46
"827",0.58,0.42,0.6,0.4,0.54,0.04,0.0599999999999999,0.36,0.64,0.94,0.96,0.46
"828",0.62,0.38,0.6,0.4,0.54,0.08,0.0599999999999999,0.32,0.68,0.94,0.92,0.46
"829",0.66,0.34,0.6,0.4,0.54,0.12,0.0599999999999999,0.28,0.72,0.94,0.88,0.46
"830",0.7,0.3,0.6,0.4,0.54,0.16,0.0599999999999999,0.24,0.76,0.94,0.84,0.46
"831",0.74,0.26,0.6,0.4,0.54,0.2,0.0599999999999999,0.2,0.8,0.94,0.8,0.46
"832",0.78,0.22,0.6,0.4,0.54,0.24,0.0599999999999999,0.16,0.84,0.94,0.76,0.46
"833",0.82,0.18,0.6,0.4,0.54,0.28,0.0599999999999999,0.12,0.88,0.94,0.72,0.46
"834",0.86,0.14,0.6,0.4,0.54,0.32,0.0599999999999999,0.08,0.92,0.94,0.68,0.46
"835",0.9,0.0999999999999999,0.6,0.4,0.54,0.36,0.0599999999999999,0.04,0.96,0.94,0.64,0.46
"836",0.94,0.0599999999999999,0.6,0.4,0.54,0.4,0.0599999999999999,0,1,0.94,0.6,0.46
"837",0.6,0.4,0.6,0.4,0.6,0,0,0.4,0.6,1,1,0.4
"838",0.64,0.36,0.6,0.4,0.6,0.04,0,0.36,0.64,1,0.96,0.4
"839",0.68,0.32,0.6,0.4,0.6,0.08,0,0.32,0.68,1,0.92,0.4
"840",0.72,0.28,0.6,0.4,0.6,0.12,0,0.28,0.72,1,0.88,0.4
"841",0.76,0.24,0.6,0.4,0.6,0.16,0,0.24,0.76,1,0.84,0.4
"842",0.8,0.2,0.6,0.4,0.6,0.2,0,0.2,0.8,1,0.8,0.4
"843",0.84,0.16,0.6,0.4,0.6,0.24,0,0.16,0.84,1,0.76,0.4
"844",0.88,0.12,0.6,0.4,0.6,0.28,0,0.12,0.88,1,0.72,0.4
"845",0.92,0.08,0.6,0.4,0.6,0.32,0,0.08,0.92,1,0.68,0.4
"846",0.96,0.04,0.6,0.4,0.6,0.36,0,0.04,0.96,1,0.64,0.4
"847",1,0,0.6,0.4,0.6,0.4,0,0,1,1,0.6,0.4
"848",0,1,0.7,0.3,0,0,0.7,0.3,0.7,0.3,1,1
"849",0.03,0.97,0.7,0.3,0,0.03,0.7,0.27,0.73,0.3,0.97,1
"850",0.06,0.94,0.7,0.3,0,0.06,0.7,0.24,0.76,0.3,0.94,1
"851",0.09,0.91,0.7,0.3,0,0.09,0.7,0.21,0.79,0.3,0.91,1
"852",0.12,0.88,0.7,0.3,0,0.12,0.7,0.18,0.82,0.3,0.88,1
"853",0.15,0.85,0.7,0.3,0,0.15,0.7,0.15,0.85,0.3,0.85,1
"854",0.18,0.82,0.7,0.3,0,0.18,0.7,0.12,0.88,0.3,0.82,1
"855",0.21,0.79,0.7,0.3,0,0.21,0.7,0.09,0.91,0.3,0.79,1
"856",0.24,0.76,0.7,0.3,0,0.24,0.7,0.06,0.94,0.3,0.76,1
"857",0.27,0.73,0.7,0.3,0,0.27,0.7,0.03,0.97,0.3,0.73,1
"858",0.3,0.7,0.7,0.3,0,0.3,0.7,0,1,0.3,0.7,1
"859",0.07,0.93,0.7,0.3,0.07,0,0.63,0.3,0.7,0.37,1,0.93
"860",0.1,0.9,0.7,0.3,0.07,0.03,0.63,0.27,0.73,0.37,0.97,0.93
"861",0.13,0.87,0.7,0.3,0.07,0.06,0.63,0.24,0.76,0.37,0.94,0.93
"862",0.16,0.84,0.7,0.3,0.07,0.09,0.63,0.21,0.79,0.37,0.91,0.93
"863",0.19,0.81,0.7,0.3,0.07,0.12,0.63,0.18,0.82,0.37,0.88,0.93
"864",0.22,0.78,0.7,0.3,0.07,0.15,0.63,0.15,0.85,0.37,0.85,0.93
"865",0.25,0.75,0.7,0.3,0.07,0.18,0.63,0.12,0.88,0.37,0.82,0.93
"866",0.28,0.72,0.7,0.3,0.07,0.21,0.63,0.09,0.91,0.37,0.79,0.93
"867",0.31,0.69,0.7,0.3,0.07,0.24,0.63,0.06,0.94,0.37,0.76,0.93
"868",0.34,0.66,0.7,0.3,0.07,0.27,0.63,0.03,0.97,0.37,0.73,0.93
"869",0.37,0.63,0.7,0.3,0.07,0.3,0.63,0,1,0.37,0.7,0.93
"870",0.14,0.86,0.7,0.3,0.14,0,0.56,0.3,0.7,0.44,1,0.86
"871",0.17,0.83,0.7,0.3,0.14,0.03,0.56,0.27,0.73,0.44,0.97,0.86
"872",0.2,0.8,0.7,0.3,0.14,0.06,0.56,0.24,0.76,0.44,0.94,0.86
"873",0.23,0.77,0.7,0.3,0.14,0.09,0.56,0.21,0.79,0.44,0.91,0.86
"874",0.26,0.74,0.7,0.3,0.14,0.12,0.56,0.18,0.82,0.44,0.88,0.86
"875",0.29,0.71,0.7,0.3,0.14,0.15,0.56,0.15,0.85,0.44,0.85,0.86
"876",0.32,0.68,0.7,0.3,0.14,0.18,0.56,0.12,0.88,0.44,0.82,0.86
"877",0.35,0.65,0.7,0.3,0.14,0.21,0.56,0.0899999999999999,0.91,0.44,0.79,0.86
"878",0.38,0.62,0.7,0.3,0.14,0.24,0.56,0.06,0.94,0.44,0.76,0.86
"879",0.41,0.59,0.7,0.3,0.14,0.27,0.56,0.03,0.97,0.44,0.73,0.86
"880",0.44,0.56,0.7,0.3,0.14,0.3,0.56,0,1,0.44,0.7,0.86
"881",0.21,0.79,0.7,0.3,0.21,0,0.49,0.3,0.7,0.51,1,0.79
"882",0.24,0.76,0.7,0.3,0.21,0.03,0.49,0.27,0.73,0.51,0.97,0.79
"883",0.27,0.73,0.7,0.3,0.21,0.06,0.49,0.24,0.76,0.51,0.94,0.79
"884",0.3,0.7,0.7,0.3,0.21,0.09,0.49,0.21,0.79,0.51,0.91,0.79
"885",0.33,0.67,0.7,0.3,0.21,0.12,0.49,0.18,0.82,0.51,0.88,0.79
"886",0.36,0.64,0.7,0.3,0.21,0.15,0.49,0.15,0.85,0.51,0.85,0.79
"887",0.39,0.61,0.7,0.3,0.21,0.18,0.49,0.12,0.88,0.51,0.82,0.79
"888",0.42,0.58,0.7,0.3,0.21,0.21,0.49,0.09,0.91,0.51,0.79,0.79
"889",0.45,0.55,0.7,0.3,0.21,0.24,0.49,0.06,0.94,0.51,0.76,0.79
"890",0.48,0.52,0.7,0.3,0.21,0.27,0.49,0.03,0.97,0.51,0.73,0.79
"891",0.51,0.49,0.7,0.3,0.21,0.3,0.49,0,1,0.51,0.7,0.79
"892",0.28,0.72,0.7,0.3,0.28,0,0.42,0.3,0.7,0.58,1,0.72
"893",0.31,0.69,0.7,0.3,0.28,0.03,0.42,0.27,0.73,0.58,0.97,0.72
"894",0.34,0.66,0.7,0.3,0.28,0.06,0.42,0.24,0.76,0.58,0.94,0.72
"895",0.37,0.63,0.7,0.3,0.28,0.09,0.42,0.21,0.79,0.58,0.91,0.72
"896",0.4,0.6,0.7,0.3,0.28,0.12,0.42,0.18,0.82,0.58,0.88,0.72
"897",0.43,0.57,0.7,0.3,0.28,0.15,0.42,0.15,0.85,0.58,0.85,0.72
"898",0.46,0.54,0.7,0.3,0.28,0.18,0.42,0.12,0.88,0.58,0.82,0.72
"899",0.49,0.51,0.7,0.3,0.28,0.21,0.42,0.09,0.91,0.58,0.79,0.72
"900",0.52,0.48,0.7,0.3,0.28,0.24,0.42,0.06,0.94,0.58,0.76,0.72
"901",0.55,0.45,0.7,0.3,0.28,0.27,0.42,0.03,0.97,0.58,0.73,0.72
"902",0.58,0.42,0.7,0.3,0.28,0.3,0.42,0,1,0.58,0.7,0.72
"903",0.35,0.65,0.7,0.3,0.35,0,0.35,0.3,0.7,0.65,1,0.65
"904",0.38,0.62,0.7,0.3,0.35,0.03,0.35,0.27,0.73,0.65,0.97,0.65
"905",0.41,0.59,0.7,0.3,0.35,0.06,0.35,0.24,0.76,0.65,0.94,0.65
"906",0.44,0.56,0.7,0.3,0.35,0.09,0.35,0.21,0.79,0.65,0.91,0.65
"907",0.47,0.53,0.7,0.3,0.35,0.12,0.35,0.18,0.82,0.65,0.88,0.65
"908",0.5,0.5,0.7,0.3,0.35,0.15,0.35,0.15,0.85,0.65,0.85,0.65
"909",0.53,0.47,0.7,0.3,0.35,0.18,0.35,0.12,0.88,0.65,0.82,0.65
"910",0.56,0.44,0.7,0.3,0.35,0.21,0.35,0.09,0.91,0.65,0.79,0.65
"911",0.59,0.41,0.7,0.3,0.35,0.24,0.35,0.06,0.94,0.65,0.76,0.65
"912",0.62,0.38,0.7,0.3,0.35,0.27,0.35,0.03,0.97,0.65,0.73,0.65
"913",0.65,0.35,0.7,0.3,0.35,0.3,0.35,0,1,0.65,0.7,0.65
"914",0.42,0.58,0.7,0.3,0.42,0,0.28,0.3,0.7,0.72,1,0.58
"915",0.45,0.55,0.7,0.3,0.42,0.03,0.28,0.27,0.73,0.72,0.97,0.58
"916",0.48,0.52,0.7,0.3,0.42,0.06,0.28,0.24,0.76,0.72,0.94,0.58
"917",0.51,0.49,0.7,0.3,0.42,0.09,0.28,0.21,0.79,0.72,0.91,0.58
"918",0.54,0.46,0.7,0.3,0.42,0.12,0.28,0.18,0.82,0.72,0.88,0.58
"919",0.57,0.43,0.7,0.3,0.42,0.15,0.28,0.15,0.85,0.72,0.85,0.58
"920",0.6,0.4,0.7,0.3,0.42,0.18,0.28,0.12,0.88,0.72,0.82,0.58
"921",0.63,0.37,0.7,0.3,0.42,0.21,0.28,0.09,0.91,0.72,0.79,0.58
"922",0.66,0.34,0.7,0.3,0.42,0.24,0.28,0.0599999999999999,0.94,0.72,0.76,0.58
"923",0.69,0.31,0.7,0.3,0.42,0.27,0.28,0.03,0.97,0.72,0.73,0.58
"924",0.72,0.28,0.7,0.3,0.42,0.3,0.28,0,1,0.72,0.7,0.58
"925",0.49,0.51,0.7,0.3,0.49,0,0.21,0.3,0.7,0.79,1,0.51
"926",0.52,0.48,0.7,0.3,0.49,0.03,0.21,0.27,0.73,0.79,0.97,0.51
"927",0.55,0.45,0.7,0.3,0.49,0.06,0.21,0.24,0.76,0.79,0.94,0.51
"928",0.58,0.42,0.7,0.3,0.49,0.09,0.21,0.21,0.79,0.79,0.91,0.51
"929",0.61,0.39,0.7,0.3,0.49,0.12,0.21,0.18,0.82,0.79,0.88,0.51
"930",0.64,0.36,0.7,0.3,0.49,0.15,0.21,0.15,0.85,0.79,0.85,0.51
"931",0.67,0.33,0.7,0.3,0.49,0.18,0.21,0.12,0.88,0.79,0.82,0.51
"932",0.7,0.3,0.7,0.3,0.49,0.21,0.21,0.09,0.91,0.79,0.79,0.51
"933",0.73,0.27,0.7,0.3,0.49,0.24,0.21,0.06,0.94,0.79,0.76,0.51
"934",0.76,0.24,0.7,0.3,0.49,0.27,0.21,0.03,0.97,0.79,0.73,0.51
"935",0.79,0.21,0.7,0.3,0.49,0.3,0.21,0,1,0.79,0.7,0.51
"936",0.56,0.44,0.7,0.3,0.56,0,0.14,0.3,0.7,0.86,1,0.44
"937",0.59,0.41,0.7,0.3,0.56,0.03,0.14,0.27,0.73,0.86,0.97,0.44
"938",0.62,0.38,0.7,0.3,0.56,0.06,0.14,0.24,0.76,0.86,0.94,0.44
"939",0.65,0.35,0.7,0.3,0.56,0.09,0.14,0.21,0.79,0.86,0.91,0.44
"940",0.68,0.32,0.7,0.3,0.56,0.12,0.14,0.18,0.82,0.86,0.88,0.44
"941",0.71,0.29,0.7,0.3,0.56,0.15,0.14,0.15,0.85,0.86,0.85,0.44
"942",0.74,0.26,0.7,0.3,0.56,0.18,0.14,0.12,0.88,0.86,0.82,0.44
"943",0.77,0.23,0.7,0.3,0.56,0.21,0.14,0.09,0.91,0.86,0.79,0.44
"944",0.8,0.2,0.7,0.3,0.56,0.24,0.14,0.06,0.94,0.86,0.76,0.44
"945",0.83,0.17,0.7,0.3,0.56,0.27,0.14,0.03,0.97,0.86,0.73,0.44
"946",0.86,0.14,0.7,0.3,0.56,0.3,0.14,0,1,0.86,0.7,0.44
"947",0.63,0.37,0.7,0.3,0.63,0,0.07,0.3,0.7,0.93,1,0.37
"948",0.66,0.34,0.7,0.3,0.63,0.03,0.07,0.27,0.73,0.93,0.97,0.37
"949",0.69,0.31,0.7,0.3,0.63,0.06,0.07,0.24,0.76,0.93,0.94,0.37
"950",0.72,0.28,0.7,0.3,0.63,0.09,0.07,0.21,0.79,0.93,0.91,0.37
"951",0.75,0.25,0.7,0.3,0.63,0.12,0.07,0.18,0.82,0.93,0.88,0.37
"952",0.78,0.22,0.7,0.3,0.63,0.15,0.07,0.15,0.85,0.93,0.85,0.37
"953",0.81,0.19,0.7,0.3,0.63,0.18,0.07,0.12,0.88,0.93,0.82,0.37
"954",0.84,0.16,0.7,0.3,0.63,0.21,0.07,0.09,0.91,0.93,0.79,0.37
"955",0.87,0.13,0.7,0.3,0.63,0.24,0.07,0.0599999999999999,0.94,0.93,0.76,0.37
"956",0.9,0.0999999999999999,0.7,0.3,0.63,0.27,0.07,0.03,0.97,0.93,0.73,0.37
"957",0.93,0.07,0.7,0.3,0.63,0.3,0.07,0,1,0.93,0.7,0.37
"958",0.7,0.3,0.7,0.3,0.7,0,0,0.3,0.7,1,1,0.3
"959",0.73,0.27,0.7,0.3,0.7,0.03,0,0.27,0.73,1,0.97,0.3
"960",0.76,0.24,0.7,0.3,0.7,0.06,0,0.24,0.76,1,0.94,0.3
"961",0.79,0.21,0.7,0.3,0.7,0.09,0,0.21,0.79,1,0.91,0.3
"962",0.82,0.18,0.7,0.3,0.7,0.12,0,0.18,0.82,1,0.88,0.3
"963",0.85,0.15,0.7,0.3,0.7,0.15,0,0.15,0.85,1,0.85,0.3
"964",0.88,0.12,0.7,0.3,0.7,0.18,0,0.12,0.88,1,0.82,0.3
"965",0.91,0.09,0.7,0.3,0.7,0.21,0,0.09,0.91,1,0.79,0.3
"966",0.94,0.0599999999999999,0.7,0.3,0.7,0.24,0,0.06,0.94,1,0.76,0.3
"967",0.97,0.03,0.7,0.3,0.7,0.27,0,0.03,0.97,1,0.73,0.3
"968",1,0,0.7,0.3,0.7,0.3,0,0,1,1,0.7,0.3
"969",0,1,0.8,0.2,0,0,0.8,0.2,0.8,0.2,1,1
"970",0.02,0.98,0.8,0.2,0,0.02,0.8,0.18,0.82,0.2,0.98,1
"971",0.04,0.96,0.8,0.2,0,0.04,0.8,0.16,0.84,0.2,0.96,1
"972",0.06,0.94,0.8,0.2,0,0.06,0.8,0.14,0.86,0.2,0.94,1
"973",0.08,0.92,0.8,0.2,0,0.08,0.8,0.12,0.88,0.2,0.92,1
"974",0.1,0.9,0.8,0.2,0,0.1,0.8,0.1,0.9,0.2,0.9,1
"975",0.12,0.88,0.8,0.2,0,0.12,0.8,0.08,0.92,0.2,0.88,1
"976",0.14,0.86,0.8,0.2,0,0.14,0.8,0.06,0.94,0.2,0.86,1
"977",0.16,0.84,0.8,0.2,0,0.16,0.8,0.04,0.96,0.2,0.84,1
"978",0.18,0.82,0.8,0.2,0,0.18,0.8,0.02,0.98,0.2,0.82,1
"979",0.2,0.8,0.8,0.2,0,0.2,0.8,0,1,0.2,0.8,1
"980",0.08,0.92,0.8,0.2,0.08,0,0.72,0.2,0.8,0.28,1,0.92
"981",0.1,0.9,0.8,0.2,0.08,0.02,0.72,0.18,0.82,0.28,0.98,0.92
"982",0.12,0.88,0.8,0.2,0.08,0.04,0.72,0.16,0.84,0.28,0.96,0.92
"983",0.14,0.86,0.8,0.2,0.08,0.06,0.72,0.14,0.86,0.28,0.94,0.92
"984",0.16,0.84,0.8,0.2,0.08,0.08,0.72,0.12,0.88,0.28,0.92,0.92
"985",0.18,0.82,0.8,0.2,0.08,0.1,0.72,0.1,0.9,0.28,0.9,0.92
"986",0.2,0.8,0.8,0.2,0.08,0.12,0.72,0.08,0.92,0.28,0.88,0.92
"987",0.22,0.78,0.8,0.2,0.08,0.14,0.72,0.06,0.94,0.28,0.86,0.92
"988",0.24,0.76,0.8,0.2,0.08,0.16,0.72,0.04,0.96,0.28,0.84,0.92
"989",0.26,0.74,0.8,0.2,0.08,0.18,0.72,0.02,0.98,0.28,0.82,0.92
"990",0.28,0.72,0.8,0.2,0.08,0.2,0.72,0,1,0.28,0.8,0.92
"991",0.16,0.84,0.8,0.2,0.16,0,0.64,0.2,0.8,0.36,1,0.84
"992",0.18,0.82,0.8,0.2,0.16,0.02,0.64,0.18,0.82,0.36,0.98,0.84
"993",0.2,0.8,0.8,0.2,0.16,0.04,0.64,0.16,0.84,0.36,0.96,0.84
"994",0.22,0.78,0.8,0.2,0.16,0.06,0.64,0.14,0.86,0.36,0.94,0.84
"995",0.24,0.76,0.8,0.2,0.16,0.08,0.64,0.12,0.88,0.36,0.92,0.84
"996",0.26,0.74,0.8,0.2,0.16,0.1,0.64,0.1,0.9,0.36,0.9,0.84
"997",0.28,0.72,0.8,0.2,0.16,0.12,0.64,0.08,0.92,0.36,0.88,0.84
"998",0.3,0.7,0.8,0.2,0.16,0.14,0.64,0.06,0.94,0.36,0.86,0.84
"999",0.32,0.68,0.8,0.2,0.16,0.16,0.64,0.04,0.96,0.36,0.84,0.84
"1000",0.34,0.66,0.8,0.2,0.16,0.18,0.64,0.02,0.98,0.36,0.82,0.84
"1001",0.36,0.64,0.8,0.2,0.16,0.2,0.64,0,1,0.36,0.8,0.84
"1002",0.24,0.76,0.8,0.2,0.24,0,0.56,0.2,0.8,0.44,1,0.76
"1003",0.26,0.74,0.8,0.2,0.24,0.02,0.56,0.18,0.82,0.44,0.98,0.76
"1004",0.28,0.72,0.8,0.2,0.24,0.04,0.56,0.16,0.84,0.44,0.96,0.76
"1005",0.3,0.7,0.8,0.2,0.24,0.06,0.56,0.14,0.86,0.44,0.94,0.76
"1006",0.32,0.68,0.8,0.2,0.24,0.08,0.56,0.12,0.88,0.44,0.92,0.76
"1007",0.34,0.66,0.8,0.2,0.24,0.1,0.56,0.1,0.9,0.44,0.9,0.76
"1008",0.36,0.64,0.8,0.2,0.24,0.12,0.56,0.08,0.92,0.44,0.88,0.76
"1009",0.38,0.62,0.8,0.2,0.24,0.14,0.56,0.06,0.94,0.44,0.86,0.76
"1010",0.4,0.6,0.8,0.2,0.24,0.16,0.56,0.04,0.96,0.44,0.84,0.76
"1011",0.42,0.58,0.8,0.2,0.24,0.18,0.56,0.02,0.98,0.44,0.82,0.76
"1012",0.44,0.56,0.8,0.2,0.24,0.2,0.56,0,1,0.44,0.8,0.76
"1013",0.32,0.68,0.8,0.2,0.32,0,0.48,0.2,0.8,0.52,1,0.68
"1014",0.34,0.66,0.8,0.2,0.32,0.02,0.48,0.18,0.82,0.52,0.98,0.68
"1015",0.36,0.64,0.8,0.2,0.32,0.04,0.48,0.16,0.84,0.52,0.96,0.68
"1016",0.38,0.62,0.8,0.2,0.32,0.06,0.48,0.14,0.86,0.52,0.94,0.68
"1017",0.4,0.6,0.8,0.2,0.32,0.08,0.48,0.12,0.88,0.52,0.92,0.68
"1018",0.42,0.58,0.8,0.2,0.32,0.1,0.48,0.1,0.9,0.52,0.9,0.68
"1019",0.44,0.56,0.8,0.2,0.32,0.12,0.48,0.0799999999999999,0.92,0.52,0.88,0.68
"1020",0.46,0.54,0.8,0.2,0.32,0.14,0.48,0.06,0.94,0.52,0.86,0.68
"1021",0.48,0.52,0.8,0.2,0.32,0.16,0.48,0.04,0.96,0.52,0.84,0.68
"1022",0.5,0.5,0.8,0.2,0.32,0.18,0.48,0.02,0.98,0.52,0.82,0.68
"1023",0.52,0.48,0.8,0.2,0.32,0.2,0.48,0,1,0.52,0.8,0.68
"1024",0.4,0.6,0.8,0.2,0.4,0,0.4,0.2,0.8,0.6,1,0.6
"1025",0.42,0.58,0.8,0.2,0.4,0.02,0.4,0.18,0.82,0.6,0.98,0.6
"1026",0.44,0.56,0.8,0.2,0.4,0.04,0.4,0.16,0.84,0.6,0.96,0.6
"1027",0.46,0.54,0.8,0.2,0.4,0.06,0.4,0.14,0.86,0.6,0.94,0.6
"1028",0.48,0.52,0.8,0.2,0.4,0.08,0.4,0.12,0.88,0.6,0.92,0.6
"1029",0.5,0.5,0.8,0.2,0.4,0.1,0.4,0.1,0.9,0.6,0.9,0.6
"1030",0.52,0.48,0.8,0.2,0.4,0.12,0.4,0.08,0.92,0.6,0.88,0.6
"1031",0.54,0.46,0.8,0.2,0.4,0.14,0.4,0.06,0.94,0.6,0.86,0.6
"1032",0.56,0.44,0.8,0.2,0.4,0.16,0.4,0.04,0.96,0.6,0.84,0.6
"1033",0.58,0.42,0.8,0.2,0.4,0.18,0.4,0.02,0.98,0.6,0.82,0.6
"1034",0.6,0.4,0.8,0.2,0.4,0.2,0.4,0,1,0.6,0.8,0.6
"1035",0.48,0.52,0.8,0.2,0.48,0,0.32,0.2,0.8,0.68,1,0.52
"1036",0.5,0.5,0.8,0.2,0.48,0.02,0.32,0.18,0.82,0.68,0.98,0.52
"1037",0.52,0.48,0.8,0.2,0.48,0.04,0.32,0.16,0.84,0.68,0.96,0.52
"1038",0.54,0.46,0.8,0.2,0.48,0.06,0.32,0.14,0.86,0.68,0.94,0.52
"1039",0.56,0.44,0.8,0.2,0.48,0.08,0.32,0.12,0.88,0.68,0.92,0.52
"1040",0.58,0.42,0.8,0.2,0.48,0.1,0.32,0.1,0.9,0.68,0.9,0.52
"1041",0.6,0.4,0.8,0.2,0.48,0.12,0.32,0.08,0.92,0.68,0.88,0.52
"1042",0.62,0.38,0.8,0.2,0.48,0.14,0.32,0.06,0.94,0.68,0.86,0.52
"1043",0.64,0.36,0.8,0.2,0.48,0.16,0.32,0.04,0.96,0.68,0.84,0.52
"1044",0.66,0.34,0.8,0.2,0.48,0.18,0.32,0.02,0.98,0.68,0.82,0.52
"1045",0.68,0.32,0.8,0.2,0.48,0.2,0.32,0,1,0.68,0.8,0.52
"1046",0.56,0.44,0.8,0.2,0.56,0,0.24,0.2,0.8,0.76,1,0.44
"1047",0.58,0.42,0.8,0.2,0.56,0.02,0.24,0.18,0.82,0.76,0.98,0.44
"1048",0.6,0.4,0.8,0.2,0.56,0.04,0.24,0.16,0.84,0.76,0.96,0.44
"1049",0.62,0.38,0.8,0.2,0.56,0.06,0.24,0.14,0.86,0.76,0.94,0.44
"1050",0.64,0.36,0.8,0.2,0.56,0.08,0.24,0.12,0.88,0.76,0.92,0.44
"1051",0.66,0.34,0.8,0.2,0.56,0.1,0.24,0.1,0.9,0.76,0.9,0.44
"1052",0.68,0.32,0.8,0.2,0.56,0.12,0.24,0.08,0.92,0.76,0.88,0.44
"1053",0.7,0.3,0.8,0.2,0.56,0.14,0.24,0.06,0.94,0.76,0.86,0.44
"1054",0.72,0.28,0.8,0.2,0.56,0.16,0.24,0.04,0.96,0.76,0.84,0.44
"1055",0.74,0.26,0.8,0.2,0.56,0.18,0.24,0.02,0.98,0.76,0.82,0.44
"1056",0.76,0.24,0.8,0.2,0.56,0.2,0.24,0,1,0.76,0.8,0.44
"1057",0.64,0.36,0.8,0.2,0.64,0,0.16,0.2,0.8,0.84,1,0.36
"1058",0.66,0.34,0.8,0.2,0.64,0.02,0.16,0.18,0.82,0.84,0.98,0.36
"1059",0.68,0.32,0.8,0.2,0.64,0.04,0.16,0.16,0.84,0.84,0.96,0.36
"1060",0.7,0.3,0.8,0.2,0.64,0.06,0.16,0.14,0.86,0.84,0.94,0.36
"1061",0.72,0.28,0.8,0.2,0.64,0.08,0.16,0.12,0.88,0.84,0.92,0.36
"1062",0.74,0.26,0.8,0.2,0.64,0.1,0.16,0.1,0.9,0.84,0.9,0.36
"1063",0.76,0.24,0.8,0.2,0.64,0.12,0.16,0.08,0.92,0.84,0.88,0.36
"1064",0.78,0.22,0.8,0.2,0.64,0.14,0.16,0.06,0.94,0.84,0.86,0.36
"1065",0.8,0.2,0.8,0.2,0.64,0.16,0.16,0.04,0.96,0.84,0.84,0.36
"1066",0.82,0.18,0.8,0.2,0.64,0.18,0.16,0.02,0.98,0.84,0.82,0.36
"1067",0.84,0.16,0.8,0.2,0.64,0.2,0.16,0,1,0.84,0.8,0.36
"1068",0.72,0.28,0.8,0.2,0.72,0,0.08,0.2,0.8,0.92,1,0.28
"1069",0.74,0.26,0.8,0.2,0.72,0.02,0.08,0.18,0.82,0.92,0.98,0.28
"1070",0.76,0.24,0.8,0.2,0.72,0.04,0.08,0.16,0.84,0.92,0.96,0.28
"1071",0.78,0.22,0.8,0.2,0.72,0.06,0.08,0.14,0.86,0.92,0.94,0.28
"1072",0.8,0.2,0.8,0.2,0.72,0.08,0.08,0.12,0.88,0.92,0.92,0.28
"1073",0.82,0.18,0.8,0.2,0.72,0.1,0.08,0.1,0.9,0.92,0.9,0.28
"1074",0.84,0.16,0.8,0.2,0.72,0.12,0.08,0.0799999999999999,0.92,0.92,0.88,0.28
"1075",0.86,0.14,0.8,0.2,0.72,0.14,0.08,0.06,0.94,0.92,0.86,0.28
"1076",0.88,0.12,0.8,0.2,0.72,0.16,0.08,0.04,0.96,0.92,0.84,0.28
"1077",0.9,0.1,0.8,0.2,0.72,0.18,0.08,0.02,0.98,0.92,0.82,0.28
"1078",0.92,0.08,0.8,0.2,0.72,0.2,0.08,0,1,0.92,0.8,0.28
"1079",0.8,0.2,0.8,0.2,0.8,0,0,0.2,0.8,1,1,0.2
"1080",0.82,0.18,0.8,0.2,0.8,0.02,0,0.18,0.82,1,0.98,0.2
"1081",0.84,0.16,0.8,0.2,0.8,0.04,0,0.16,0.84,1,0.96,0.2
"1082",0.86,0.14,0.8,0.2,0.8,0.06,0,0.14,0.86,1,0.94,0.2
"1083",0.88,0.12,0.8,0.2,0.8,0.08,0,0.12,0.88,1,0.92,0.2
"1084",0.9,0.1,0.8,0.2,0.8,0.1,0,0.1,0.9,1,0.9,0.2
"1085",0.92,0.08,0.8,0.2,0.8,0.12,0,0.08,0.92,1,0.88,0.2
"1086",0.94,0.0599999999999999,0.8,0.2,0.8,0.14,0,0.06,0.94,1,0.86,0.2
"1087",0.96,0.04,0.8,0.2,0.8,0.16,0,0.04,0.96,1,0.84,0.2
"1088",0.98,0.02,0.8,0.2,0.8,0.18,0,0.02,0.98,1,0.82,0.2
"1089",1,0,0.8,0.2,0.8,0.2,0,0,1,1,0.8,0.2
"1090",0,1,0.9,0.1,0,0,0.9,0.1,0.9,0.1,1,1
"1091",0.01,0.99,0.9,0.1,0,0.01,0.9,0.09,0.91,0.1,0.99,1
"1092",0.02,0.98,0.9,0.1,0,0.02,0.9,0.08,0.92,0.1,0.98,1
"1093",0.03,0.97,0.9,0.1,0,0.03,0.9,0.07,0.93,0.1,0.97,1
"1094",0.04,0.96,0.9,0.1,0,0.04,0.9,0.06,0.94,0.1,0.96,1
"1095",0.05,0.95,0.9,0.1,0,0.05,0.9,0.05,0.95,0.1,0.95,1
"1096",0.06,0.94,0.9,0.1,0,0.06,0.9,0.04,0.96,0.1,0.94,1
"1097",0.07,0.93,0.9,0.1,0,0.07,0.9,0.03,0.97,0.1,0.93,1
"1098",0.08,0.92,0.9,0.1,0,0.08,0.9,0.02,0.98,0.1,0.92,1
"1099",0.09,0.91,0.9,0.1,0,0.09,0.9,0.01,0.99,0.1,0.91,1
"1100",0.1,0.9,0.9,0.1,0,0.1,0.9,0,1,0.1,0.9,1
"1101",0.09,0.91,0.9,0.1,0.09,0,0.81,0.1,0.9,0.19,1,0.91
"1102",0.1,0.9,0.9,0.1,0.09,0.01,0.81,0.09,0.91,0.19,0.99,0.91
"1103",0.11,0.89,0.9,0.1,0.09,0.02,0.81,0.08,0.92,0.19,0.98,0.91
"1104",0.12,0.88,0.9,0.1,0.09,0.03,0.81,0.07,0.93,0.19,0.97,0.91
"1105",0.13,0.87,0.9,0.1,0.09,0.04,0.81,0.06,0.94,0.19,0.96,0.91
"1106",0.14,0.86,0.9,0.1,0.09,0.05,0.81,0.05,0.95,0.19,0.95,0.91
"1107",0.15,0.85,0.9,0.1,0.09,0.06,0.81,0.04,0.96,0.19,0.94,0.91
"1108",0.16,0.84,0.9,0.1,0.09,0.07,0.81,0.03,0.97,0.19,0.93,0.91
"1109",0.17,0.83,0.9,0.1,0.09,0.08,0.81,0.02,0.98,0.19,0.92,0.91
"1110",0.18,0.82,0.9,0.1,0.09,0.09,0.81,0.01,0.99,0.19,0.91,0.91
"1111",0.19,0.81,0.9,0.1,0.09,0.1,0.81,0,1,0.19,0.9,0.91
"1112",0.18,0.82,0.9,0.1,0.18,0,0.72,0.1,0.9,0.28,1,0.82
"1113",0.19,0.81,0.9,0.1,0.18,0.01,0.72,0.09,0.91,0.28,0.99,0.82
"1114",0.2,0.8,0.9,0.1,0.18,0.02,0.72,0.08,0.92,0.28,0.98,0.82
"1115",0.21,0.79,0.9,0.1,0.18,0.03,0.72,0.07,0.93,0.28,0.97,0.82
"1116",0.22,0.78,0.9,0.1,0.18,0.04,0.72,0.06,0.94,0.28,0.96,0.82
"1117",0.23,0.77,0.9,0.1,0.18,0.05,0.72,0.05,0.95,0.28,0.95,0.82
"1118",0.24,0.76,0.9,0.1,0.18,0.06,0.72,0.04,0.96,0.28,0.94,0.82
"1119",0.25,0.75,0.9,0.1,0.18,0.07,0.72,0.03,0.97,0.28,0.93,0.82
"1120",0.26,0.74,0.9,0.1,0.18,0.08,0.72,0.02,0.98,0.28,0.92,0.82
"1121",0.27,0.73,0.9,0.1,0.18,0.09,0.72,0.01,0.99,0.28,0.91,0.82
"1122",0.28,0.72,0.9,0.1,0.18,0.1,0.72,0,1,0.28,0.9,0.82
"1123",0.27,0.73,0.9,0.1,0.27,0,0.63,0.1,0.9,0.37,1,0.73
"1124",0.28,0.72,0.9,0.1,0.27,0.01,0.63,0.09,0.91,0.37,0.99,0.73
"1125",0.29,0.71,0.9,0.1,0.27,0.02,0.63,0.08,0.92,0.37,0.98,0.73
"1126",0.3,0.7,0.9,0.1,0.27,0.03,0.63,0.07,0.93,0.37,0.97,0.73
"1127",0.31,0.69,0.9,0.1,0.27,0.04,0.63,0.06,0.94,0.37,0.96,0.73
"1128",0.32,0.68,0.9,0.1,0.27,0.05,0.63,0.05,0.95,0.37,0.95,0.73
"1129",0.33,0.67,0.9,0.1,0.27,0.06,0.63,0.04,0.96,0.37,0.94,0.73
"1130",0.34,0.66,0.9,0.1,0.27,0.07,0.63,0.03,0.97,0.37,0.93,0.73
"1131",0.35,0.65,0.9,0.1,0.27,0.08,0.63,0.02,0.98,0.37,0.92,0.73
"1132",0.36,0.64,0.9,0.1,0.27,0.09,0.63,0.01,0.99,0.37,0.91,0.73
"1133",0.37,0.63,0.9,0.1,0.27,0.1,0.63,0,1,0.37,0.9,0.73
"1134",0.36,0.64,0.9,0.1,0.36,0,0.54,0.1,0.9,0.46,1,0.64
"1135",0.37,0.63,0.9,0.1,0.36,0.01,0.54,0.09,0.91,0.46,0.99,0.64
"1136",0.38,0.62,0.9,0.1,0.36,0.02,0.54,0.08,0.92,0.46,0.98,0.64
"1137",0.39,0.61,0.9,0.1,0.36,0.03,0.54,0.07,0.93,0.46,0.97,0.64
"1138",0.4,0.6,0.9,0.1,0.36,0.04,0.54,0.06,0.94,0.46,0.96,0.64
"1139",0.41,0.59,0.9,0.1,0.36,0.05,0.54,0.05,0.95,0.46,0.95,0.64
"1140",0.42,0.58,0.9,0.1,0.36,0.06,0.54,0.04,0.96,0.46,0.94,0.64
"1141",0.43,0.57,0.9,0.1,0.36,0.07,0.54,0.03,0.97,0.46,0.93,0.64
"1142",0.44,0.56,0.9,0.1,0.36,0.08,0.54,0.02,0.98,0.46,0.92,0.64
"1143",0.45,0.55,0.9,0.1,0.36,0.09,0.54,0.01,0.99,0.46,0.91,0.64
"1144",0.46,0.54,0.9,0.1,0.36,0.1,0.54,0,1,0.46,0.9,0.64
"1145",0.45,0.55,0.9,0.1,0.45,0,0.45,0.1,0.9,0.55,1,0.55
"1146",0.46,0.54,0.9,0.1,0.45,0.01,0.45,0.09,0.91,0.55,0.99,0.55
"1147",0.47,0.53,0.9,0.1,0.45,0.02,0.45,0.08,0.92,0.55,0.98,0.55
"1148",0.48,0.52,0.9,0.1,0.45,0.03,0.45,0.07,0.93,0.55,0.97,0.55
"1149",0.49,0.51,0.9,0.1,0.45,0.04,0.45,0.06,0.94,0.55,0.96,0.55
"1150",0.5,0.5,0.9,0.1,0.45,0.05,0.45,0.05,0.95,0.55,0.95,0.55
"1151",0.51,0.49,0.9,0.1,0.45,0.06,0.45,0.04,0.96,0.55,0.94,0.55
"1152",0.52,0.48,0.9,0.1,0.45,0.07,0.45,0.03,0.97,0.55,0.93,0.55
"1153",0.53,0.47,0.9,0.1,0.45,0.08,0.45,0.02,0.98,0.55,0.92,0.55
"1154",0.54,0.46,0.9,0.1,0.45,0.09,0.45,0.01,0.99,0.55,0.91,0.55
"1155",0.55,0.45,0.9,0.1,0.45,0.1,0.45,0,1,0.55,0.9,0.55
"1156",0.54,0.46,0.9,0.1,0.54,0,0.36,0.1,0.9,0.64,1,0.46
"1157",0.55,0.45,0.9,0.1,0.54,0.01,0.36,0.09,0.91,0.64,0.99,0.46
"1158",0.56,0.44,0.9,0.1,0.54,0.02,0.36,0.08,0.92,0.64,0.98,0.46
"1159",0.57,0.43,0.9,0.1,0.54,0.03,0.36,0.07,0.93,0.64,0.97,0.46
"1160",0.58,0.42,0.9,0.1,0.54,0.04,0.36,0.06,0.94,0.64,0.96,0.46
"1161",0.59,0.41,0.9,0.1,0.54,0.05,0.36,0.05,0.95,0.64,0.95,0.46
"1162",0.6,0.4,0.9,0.1,0.54,0.06,0.36,0.04,0.96,0.64,0.94,0.46
"1163",0.61,0.39,0.9,0.1,0.54,0.07,0.36,0.03,0.97,0.64,0.93,0.46
"1164",0.62,0.38,0.9,0.1,0.54,0.08,0.36,0.02,0.98,0.64,0.92,0.46
"1165",0.63,0.37,0.9,0.1,0.54,0.09,0.36,0.01,0.99,0.64,0.91,0.46
"1166",0.64,0.36,0.9,0.1,0.54,0.1,0.36,0,1,0.64,0.9,0.46
"1167",0.63,0.37,0.9,0.1,0.63,0,0.27,0.1,0.9,0.73,1,0.37
"1168",0.64,0.36,0.9,0.1,0.63,0.01,0.27,0.09,0.91,0.73,0.99,0.37
"1169",0.65,0.35,0.9,0.1,0.63,0.02,0.27,0.08,0.92,0.73,0.98,0.37
"1170",0.66,0.34,0.9,0.1,0.63,0.03,0.27,0.07,0.93,0.73,0.97,0.37
"1171",0.67,0.33,0.9,0.1,0.63,0.04,0.27,0.06,0.94,0.73,0.96,0.37
"1172",0.68,0.32,0.9,0.1,0.63,0.05,0.27,0.05,0.95,0.73,0.95,0.37
"1173",0.69,0.31,0.9,0.1,0.63,0.06,0.27,0.04,0.96,0.73,0.94,0.37
"1174",0.7,0.3,0.9,0.1,0.63,0.07,0.27,0.03,0.97,0.73,0.93,0.37
"1175",0.71,0.29,0.9,0.1,0.63,0.08,0.27,0.02,0.98,0.73,0.92,0.37
"1176",0.72,0.28,0.9,0.1,0.63,0.09,0.27,0.01,0.99,0.73,0.91,0.37
"1177",0.73,0.27,0.9,0.1,0.63,0.1,0.27,-1.38777878078145e-17,1,0.73,0.9,0.37
"1178",0.72,0.28,0.9,0.1,0.72,0,0.18,0.1,0.9,0.82,1,0.28
"1179",0.73,0.27,0.9,0.1,0.72,0.01,0.18,0.09,0.91,0.82,0.99,0.28
"1180",0.74,0.26,0.9,0.1,0.72,0.02,0.18,0.08,0.92,0.82,0.98,0.28
"1181",0.75,0.25,0.9,0.1,0.72,0.03,0.18,0.07,0.93,0.82,0.97,0.28
"1182",0.76,0.24,0.9,0.1,0.72,0.04,0.18,0.06,0.94,0.82,0.96,0.28
"1183",0.77,0.23,0.9,0.1,0.72,0.05,0.18,0.05,0.95,0.82,0.95,0.28
"1184",0.78,0.22,0.9,0.1,0.72,0.06,0.18,0.04,0.96,0.82,0.94,0.28
"1185",0.79,0.21,0.9,0.1,0.72,0.07,0.18,0.03,0.97,0.82,0.93,0.28
"1186",0.8,0.2,0.9,0.1,0.72,0.08,0.18,0.02,0.98,0.82,0.92,0.28
"1187",0.81,0.19,0.9,0.1,0.72,0.09,0.18,0.01,0.99,0.82,0.91,0.28
"1188",0.82,0.18,0.9,0.1,0.72,0.1,0.18,0,1,0.82,0.9,0.28
"1189",0.81,0.19,0.9,0.1,0.81,0,0.09,0.1,0.9,0.91,1,0.19
"1190",0.82,0.18,0.9,0.1,0.81,0.01,0.09,0.09,0.91,0.91,0.99,0.19
"1191",0.83,0.17,0.9,0.1,0.81,0.02,0.09,0.08,0.92,0.91,0.98,0.19
"1192",0.84,0.16,0.9,0.1,0.81,0.03,0.09,0.07,0.93,0.91,0.97,0.19
"1193",0.85,0.15,0.9,0.1,0.81,0.04,0.09,0.06,0.94,0.91,0.96,0.19
"1194",0.86,0.14,0.9,0.1,0.81,0.05,0.09,0.05,0.95,0.91,0.95,0.19
"1195",0.87,0.13,0.9,0.1,0.81,0.06,0.09,0.04,0.96,0.91,0.94,0.19
"1196",0.88,0.12,0.9,0.1,0.81,0.07,0.09,0.03,0.97,0.91,0.93,0.19
"1197",0.89,0.11,0.9,0.1,0.81,0.08,0.09,0.02,0.98,0.91,0.92,0.19
"1198",0.9,0.1,0.9,0.1,0.81,0.09,0.09,0.01,0.99,0.91,0.91,0.19
"1199",0.91,0.09,0.9,0.1,0.81,0.1,0.09,0,1,0.91,0.9,0.19
"1200",0.9,0.1,0.9,0.1,0.9,0,0,0.1,0.9,1,1,0.1
"1201",0.91,0.09,0.9,0.1,0.9,0.01,0,0.09,0.91,1,0.99,0.1
"1202",0.92,0.08,0.9,0.1,0.9,0.02,0,0.08,0.92,1,0.98,0.0999999999999999
"1203",0.93,0.07,0.9,0.1,0.9,0.03,0,0.07,0.93,1,0.97,0.1
"1204",0.94,0.0599999999999999,0.9,0.1,0.9,0.04,0,0.06,0.94,1,0.96,0.0999999999999999
"1205",0.95,0.05,0.9,0.1,0.9,0.05,0,0.05,0.95,1,0.95,0.1
"1206",0.96,0.04,0.9,0.1,0.9,0.06,0,0.04,0.96,1,0.94,0.1
"1207",0.97,0.03,0.9,0.1,0.9,0.07,0,0.03,0.97,1,0.93,0.1
"1208",0.98,0.02,0.9,0.1,0.9,0.08,0,0.02,0.98,1,0.92,0.1
"1209",0.99,0.01,0.9,0.1,0.9,0.09,0,0.01,0.99,1,0.91,0.1
"1210",1,0,0.9,0.1,0.9,0.1,0,0,1,1,0.9,0.1
"1211",0,1,1,0,0,0,1,0,1,0,1,1
"1212",0,1,1,0,0,0,1,0,1,0,1,1
"1213",0,1,1,0,0,0,1,0,1,0,1,1
"1214",0,1,1,0,0,0,1,0,1,0,1,1
"1215",0,1,1,0,0,0,1,0,1,0,1,1
"1216",0,1,1,0,0,0,1,0,1,0,1,1
"1217",0,1,1,0,0,0,1,0,1,0,1,1
"1218",0,1,1,0,0,0,1,0,1,0,1,1
"1219",0,1,1,0,0,0,1,0,1,0,1,1
"1220",0,1,1,0,0,0,1,0,1,0,1,1
"1221",0,1,1,0,0,0,1,0,1,0,1,1
"1222",0.1,0.9,1,0,0.1,0,0.9,0,1,0.1,1,0.9
"1223",0.1,0.9,1,0,0.1,0,0.9,0,1,0.1,1,0.9
"1224",0.1,0.9,1,0,0.1,0,0.9,0,1,0.1,1,0.9
"1225",0.1,0.9,1,0,0.1,0,0.9,0,1,0.1,1,0.9
"1226",0.1,0.9,1,0,0.1,0,0.9,0,1,0.1,1,0.9
"1227",0.1,0.9,1,0,0.1,0,0.9,0,1,0.1,1,0.9
"1228",0.1,0.9,1,0,0.1,0,0.9,0,1,0.1,1,0.9
"1229",0.1,0.9,1,0,0.1,0,0.9,0,1,0.1,1,0.9
"1230",0.1,0.9,1,0,0.1,0,0.9,0,1,0.1,1,0.9
"1231",0.1,0.9,1,0,0.1,0,0.9,0,1,0.1,1,0.9
"1232",0.1,0.9,1,0,0.1,0,0.9,0,1,0.1,1,0.9
"1233",0.2,0.8,1,0,0.2,0,0.8,0,1,0.2,1,0.8
"1234",0.2,0.8,1,0,0.2,0,0.8,0,1,0.2,1,0.8
"1235",0.2,0.8,1,0,0.2,0,0.8,0,1,0.2,1,0.8
"1236",0.2,0.8,1,0,0.2,0,0.8,0,1,0.2,1,0.8
"1237",0.2,0.8,1,0,0.2,0,0.8,0,1,0.2,1,0.8
"1238",0.2,0.8,1,0,0.2,0,0.8,0,1,0.2,1,0.8
"1239",0.2,0.8,1,0,0.2,0,0.8,0,1,0.2,1,0.8
"1240",0.2,0.8,1,0,0.2,0,0.8,0,1,0.2,1,0.8
"1241",0.2,0.8,1,0,0.2,0,0.8,0,1,0.2,1,0.8
"1242",0.2,0.8,1,0,0.2,0,0.8,0,1,0.2,1,0.8
"1243",0.2,0.8,1,0,0.2,0,0.8,0,1,0.2,1,0.8
"1244",0.3,0.7,1,0,0.3,0,0.7,0,1,0.3,1,0.7
"1245",0.3,0.7,1,0,0.3,0,0.7,0,1,0.3,1,0.7
"1246",0.3,0.7,1,0,0.3,0,0.7,0,1,0.3,1,0.7
"1247",0.3,0.7,1,0,0.3,0,0.7,0,1,0.3,1,0.7
"1248",0.3,0.7,1,0,0.3,0,0.7,0,1,0.3,1,0.7
"1249",0.3,0.7,1,0,0.3,0,0.7,0,1,0.3,1,0.7
"1250",0.3,0.7,1,0,0.3,0,0.7,0,1,0.3,1,0.7
"1251",0.3,0.7,1,0,0.3,0,0.7,0,1,0.3,1,0.7
"1252",0.3,0.7,1,0,0.3,0,0.7,0,1,0.3,1,0.7
"1253",0.3,0.7,1,0,0.3,0,0.7,0,1,0.3,1,0.7
"1254",0.3,0.7,1,0,0.3,0,0.7,0,1,0.3,1,0.7
"1255",0.4,0.6,1,0,0.4,0,0.6,0,1,0.4,1,0.6
"1256",0.4,0.6,1,0,0.4,0,0.6,0,1,0.4,1,0.6
"1257",0.4,0.6,1,0,0.4,0,0.6,0,1,0.4,1,0.6
"1258",0.4,0.6,1,0,0.4,0,0.6,0,1,0.4,1,0.6
"1259",0.4,0.6,1,0,0.4,0,0.6,0,1,0.4,1,0.6
"1260",0.4,0.6,1,0,0.4,0,0.6,0,1,0.4,1,0.6
"1261",0.4,0.6,1,0,0.4,0,0.6,0,1,0.4,1,0.6
"1262",0.4,0.6,1,0,0.4,0,0.6,0,1,0.4,1,0.6
"1263",0.4,0.6,1,0,0.4,0,0.6,0,1,0.4,1,0.6
"1264",0.4,0.6,1,0,0.4,0,0.6,0,1,0.4,1,0.6
"1265",0.4,0.6,1,0,0.4,0,0.6,0,1,0.4,1,0.6
"1266",0.5,0.5,1,0,0.5,0,0.5,0,1,0.5,1,0.5
"1267",0.5,0.5,1,0,0.5,0,0.5,0,1,0.5,1,0.5
"1268",0.5,0.5,1,0,0.5,0,0.5,0,1,0.5,1,0.5
"1269",0.5,0.5,1,0,0.5,0,0.5,0,1,0.5,1,0.5
"1270",0.5,0.5,1,0,0.5,0,0.5,0,1,0.5,1,0.5
"1271",0.5,0.5,1,0,0.5,0,0.5,0,1,0.5,1,0.5
"1272",0.5,0.5,1,0,0.5,0,0.5,0,1,0.5,1,0.5
"1273",0.5,0.5,1,0,0.5,0,0.5,0,1,0.5,1,0.5
"1274",0.5,0.5,1,0,0.5,0,0.5,0,1,0.5,1,0.5
"1275",0.5,0.5,1,0,0.5,0,0.5,0,1,0.5,1,0.5
"1276",0.5,0.5,1,0,0.5,0,0.5,0,1,0.5,1,0.5
"1277",0.6,0.4,1,0,0.6,0,0.4,0,1,0.6,1,0.4
"1278",0.6,0.4,1,0,0.6,0,0.4,0,1,0.6,1,0.4
"1279",0.6,0.4,1,0,0.6,0,0.4,0,1,0.6,1,0.4
"1280",0.6,0.4,1,0,0.6,0,0.4,0,1,0.6,1,0.4
"1281",0.6,0.4,1,0,0.6,0,0.4,0,1,0.6,1,0.4
"1282",0.6,0.4,1,0,0.6,0,0.4,0,1,0.6,1,0.4
"1283",0.6,0.4,1,0,0.6,0,0.4,0,1,0.6,1,0.4
"1284",0.6,0.4,1,0,0.6,0,0.4,0,1,0.6,1,0.4
"1285",0.6,0.4,1,0,0.6,0,0.4,0,1,0.6,1,0.4
"1286",0.6,0.4,1,0,0.6,0,0.4,0,1,0.6,1,0.4
"1287",0.6,0.4,1,0,0.6,0,0.4,0,1,0.6,1,0.4
"1288",0.7,0.3,1,0,0.7,0,0.3,0,1,0.7,1,0.3
"1289",0.7,0.3,1,0,0.7,0,0.3,0,1,0.7,1,0.3
"1290",0.7,0.3,1,0,0.7,0,0.3,0,1,0.7,1,0.3
"1291",0.7,0.3,1,0,0.7,0,0.3,0,1,0.7,1,0.3
"1292",0.7,0.3,1,0,0.7,0,0.3,0,1,0.7,1,0.3
"1293",0.7,0.3,1,0,0.7,0,0.3,0,1,0.7,1,0.3
"1294",0.7,0.3,1,0,0.7,0,0.3,0,1,0.7,1,0.3
"1295",0.7,0.3,1,0,0.7,0,0.3,0,1,0.7,1,0.3
"1296",0.7,0.3,1,0,0.7,0,0.3,0,1,0.7,1,0.3
"1297",0.7,0.3,1,0,0.7,0,0.3,0,1,0.7,1,0.3
"1298",0.7,0.3,1,0,0.7,0,0.3,0,1,0.7,1,0.3
"1299",0.8,0.2,1,0,0.8,0,0.2,0,1,0.8,1,0.2
"1300",0.8,0.2,1,0,0.8,0,0.2,0,1,0.8,1,0.2
"1301",0.8,0.2,1,0,0.8,0,0.2,0,1,0.8,1,0.2
"1302",0.8,0.2,1,0,0.8,0,0.2,0,1,0.8,1,0.2
"1303",0.8,0.2,1,0,0.8,0,0.2,0,1,0.8,1,0.2
"1304",0.8,0.2,1,0,0.8,0,0.2,0,1,0.8,1,0.2
"1305",0.8,0.2,1,0,0.8,0,0.2,0,1,0.8,1,0.2
"1306",0.8,0.2,1,0,0.8,0,0.2,0,1,0.8,1,0.2
"1307",0.8,0.2,1,0,0.8,0,0.2,0,1,0.8,1,0.2
"1308",0.8,0.2,1,0,0.8,0,0.2,0,1,0.8,1,0.2
"1309",0.8,0.2,1,0,0.8,0,0.2,0,1,0.8,1,0.2
"1310",0.9,0.1,1,0,0.9,0,0.1,0,1,0.9,1,0.1
"1311",0.9,0.1,1,0,0.9,0,0.1,0,1,0.9,1,0.1
"1312",0.9,0.1,1,0,0.9,0,0.1,0,1,0.9,1,0.1
"1313",0.9,0.1,1,0,0.9,0,0.1,0,1,0.9,1,0.1
"1314",0.9,0.1,1,0,0.9,0,0.1,0,1,0.9,1,0.1
"1315",0.9,0.1,1,0,0.9,0,0.1,0,1,0.9,1,0.1
"1316",0.9,0.1,1,0,0.9,0,0.1,0,1,0.9,1,0.1
"1317",0.9,0.1,1,0,0.9,0,0.1,0,1,0.9,1,0.1
"1318",0.9,0.1,1,0,0.9,0,0.1,0,1,0.9,1,0.1
"1319",0.9,0.1,1,0,0.9,0,0.1,0,1,0.9,1,0.1
"1320",0.9,0.1,1,0,0.9,0,0.1,0,1,0.9,1,0.1
"1321",1,0,1,0,1,0,0,0,1,1,1,0
"1322",1,0,1,0,1,0,0,0,1,1,1,0
"1323",1,0,1,0,1,0,0,0,1,1,1,0
"1324",1,0,1,0,1,0,0,0,1,1,1,0
"1325",1,0,1,0,1,0,0,0,1,1,1,0
"1326",1,0,1,0,1,0,0,0,1,1,1,0
"1327",1,0,1,0,1,0,0,0,1,1,1,0
"1328",1,0,1,0,1,0,0,0,1,1,1,0
"1329",1,0,1,0,1,0,0,0,1,1,1,0
"1330",1,0,1,0,1,0,0,0,1,1,1,0
"1331",1,0,1,0,1,0,0,0,1,1,1,0
